Invoice No.,Warehouse,Part number,Part Description,Product code,Sell UOM,Order qty.,Committed qty.,Back order qty.,Unit price,Current cost price,Average cost price,Specific pricing,Sales tax 1 applied,Sales tax 2 applied,Sales tax 3 applied,Item Required Date,Line discount%,Line discount amount,Location,Item invoice date,Comments,Has item notes,P.O. number
0000364176,12,MUL-91863,"1.5"" O-RING",MIS,EA,2,2,0,4.272,2.538,2.538,No,Yes,Yes,No,8/3/2016,0,0,XH531,8/3/2016,,No,
0000364176,12,MUL-91862,"VALVE, HANDLE, O-RING UPPER",MIS,EA,1,1,0,1.35,0.48953,0.48953,No,Yes,Yes,No,8/3/2016,0,0,XH441,8/3/2016,,No,
0000364176,12,MUL-91867,"VALVE, HANDLE O-RING LOWER",MIS,EA,1,1,0,1.35,0.36859,0.36859,No,Yes,Yes,No,8/3/2016,0,0,XH441,8/3/2016,,No,
0000364176,12,RD110,"FILTERS - 6 1/2""",ROG,BOX,1,1,0,8.94967,4.87024,4.87017,No,Yes,Yes,No,8/3/2016,0,0,FRT,8/3/2016,,No,
0000364176,12,8523772,TRU-BLU PARLOR BRITE (GLO-ACID) 4L,CHE,EA,1,1,0,29.84769,13.30927,13.30927,No,Yes,Yes,No,8/3/2016,0,0,,8/3/2016,,No,
0000364209,00,GO78390,"PULSATOR, LO2, 60/40 RATIO",MIS,EA,1,1,0,155.186,97.5,97.39569,No,Yes,Yes,No,1/3/2016,0,0,XE362,1/3/2016,,No,
0000364209,00,GO77321,"ADAPTOR, PULSATOR FOR SS LID",MIS,EA,1,1,0,24.338,12.99,12.99,No,Yes,Yes,No,1/3/2016,0,0,XE362,1/3/2016,,No,
0000364142,12,RD110,"FILTERS - 6 1/2""",ROG,BOX,1,1,0,8.94967,4.87024,4.87017,No,Yes,Yes,No,8/3/2016,0,0,FRT,8/3/2016,,No,
0000364142,12,8524261,"EXCEL PLUS, PWD CLNR,  4 X .25 BAGS/DRUM",CHE,EA,0.25,0.25,0,260.85,39.96094,56.82517,No,Yes,Yes,No,8/3/2016,0,0,FRT,8/3/2016,,No,
0000364122,12,BR-4884,"DETERGENT, EXP ROBOT 18.9L",CHE,EA,6,6,0,95.00882,37.69,37.69,No,Yes,Yes,No,4/3/2016,0,0,W,3/3/2016,,No,
0000364122,12,8524307,ENVIROGUARD DEFENDER 18.9L,CHE,EA,1,1,0,89.84,38.70625,38.70625,No,Yes,Yes,No,4/3/2016,0,0,W/C,3/3/2016,,No,
0000364122,12,RD572,"FILTER, MILK, 3"" X 23 3/8"" 100/BOX",ROG,EA,2,2,0,45,21.23,21.00482,No,Yes,Yes,No,4/3/2016,0,0,,3/3/2016,,No,
0000364122,12,8589533,"LINER,MAG 400MX,-NON VENTED",INF,EA,8,8,0,11.35,4.89793,4.89249,No,Yes,Yes,No,4/3/2016,0,0,WA,3/3/2016,,No,
0000364122,12,SALT,"SOFTENER SALT 20KG, ULTRA CRYSTAL ( IRON OUT)",MIS,EA,1,1,0,9.15,6.44997,6.44997,No,Yes,Yes,No,4/3/2016,0,0,FL,3/3/2016,,No,
0000364122,12,8523522,UDDERDINE 110 IODINE TEAT DIP 208L DRUM,CHE,EA,1,1,0,1112,616.78,608.475,No,Yes,Yes,No,4/3/2016,0,0,WF,3/3/2016,,No,
0000364172,12,8524210,GUARD 100 CONCENTRATED CIP CLNR/LT,CHE,LT,55,55,0,6.89,1.53614,1.50086,No,Yes,Yes,No,15/3/2016,0,0,,14/3/2016,,No,
0000364172,12,8523774,TRU-BLU SPARKLE DISH SOAP 4L,CHE,EA,1,1,0,25.15,11.62128,11.62128,No,Yes,Yes,No,15/3/2016,0,0,,14/3/2016,,No,
0000364172,12,8522703,ACID-GUARD S CONCENTRATED ACID PER LITRE,CHE,LT,55,55,0,7.98,3.2988,3.29041,No,Yes,Yes,No,15/3/2016,0,0,W,14/3/2016,,No,
0000364172,12,8587560,"LINER, MAGNUM 500M, VENTED (s)",INF,EA,80,80,0,9.1,4.6738,4.6738,No,Yes,Yes,No,15/3/2016,0,0,WB222,14/3/2016,,No,
0000364187,,,Drop off in Milk house,,,0,0,0,0,0,0,No,No,No,No,3/3/2016,0,0,J,3/3/2016,Drop off in Milk house,No,
0000364187,00,GOAT-GO488015,LID GASKET FOR SS BUCKET,MIS,EA,1,1,0,14.9857,5.16,5.16,No,Yes,Yes,No,3/3/2016,0,0,XG151,3/3/2016,,No,
0000364187,00,8587559,"LINER, MAGNUM, 400M, VENTED",INF,EA,4,4,0,7.9,4.57625,4.57721,No,Yes,Yes,No,3/3/2016,0,0,WA210,3/3/2016,,No,
0000364187,00,DELIVERY,DELIVERY CHARGE,,EA,1,1,0,15,10,0.20924,No,Yes,Yes,No,3/3/2016,0,0,,3/3/2016,,No,
0000364187,,,"DELIVERED BY RANDY (MAR 3, 2016)",,,0,0,0,0,0,0,No,No,No,No,3/3/2016,0,0,,3/3/2016,"DELIVERED BY RANDY (MAR 3, 2016)",No,
0000364150,12,8523179,SANITIZING CHLORINE PER LITRE,CHE,LT,20,20,0,0.835,0.25,0.25,No,Yes,Yes,No,8/3/2016,0,0,,8/3/2016,,No,
0000364150,12,8525000,"TOWEL, K&D XL, 1100/RFL, 2 REFILLS/CASE",CHE,CS,1,1,0,108.01,62.76,62.76,No,Yes,Yes,No,8/3/2016,0,0,,8/3/2016,,No,
0000364150,12,RD589,"FILTER, MILK, 2 1/4"" X 24"" 100/BOX",ROG,BOX,1,1,0,29.25,15.48287,15.48197,No,Yes,Yes,No,8/3/2016,0,0,,8/3/2016,,No,
0000364100,12,8524209,CHALLENGE HD LIQ. CLNR PER LITRE,CHE,LT,20,20,0,2.95,1.274,1.274,No,Yes,Yes,No,4/3/2016,0,0,,1/3/2016,,No,
0000364100,12,8522223,ACID 40 PER LITRE,CHE,LT,20,20,0,3.55,1.46852,1.46655,No,Yes,Yes,No,4/3/2016,0,0,,1/3/2016,,No,
0000364100,12,8524361,BOVITEC 18.9L,CHE,EA,1,1,0,95.70387,52,51.98769,No,Yes,Yes,No,4/3/2016,0,0,W,1/3/2016,,No,
0000364145,12,8523179,SANITIZING CHLORINE PER LITRE,CHE,LT,55,55,0,0.835,0.25,0.25,No,Yes,Yes,No,8/3/2016,0,0,,8/3/2016,,No,
0000364145,12,RD589,"FILTER, MILK, 2 1/4"" X 24"" 100/BOX",ROG,BOX,1,1,0,29.25,15.48287,15.48197,No,Yes,Yes,No,8/3/2016,0,0,,8/3/2016,,No,
0000364179,12,SALT,"SOFTENER SALT 20KG, ULTRA CRYSTAL ( IRON OUT)",MIS,EA,4,4,0,9.15,6.44997,6.44997,No,Yes,Yes,No,8/3/2016,0,0,FL,8/3/2016,,No,
0000364179,12,8524361,BOVITEC 18.9L,CHE,EA,1,1,0,95.70387,52,51.99077,No,Yes,Yes,No,8/3/2016,0,0,W,8/3/2016,,No,
0000364179,12,8523179,SANITIZING CHLORINE PER LITRE,CHE,LT,20,20,0,0.835,0.25,0.25,No,Yes,Yes,No,8/3/2016,0,0,,8/3/2016,,No,
0000364179,12,8522703,ACID-GUARD S CONCENTRATED ACID PER LITRE,CHE,LT,20,20,0,7.98,3.2988,3.29041,No,Yes,Yes,No,8/3/2016,0,0,W,8/3/2016,,No,
0000364179,12,RD589,"FILTER, MILK, 2 1/4"" X 24"" 100/BOX",ROG,BOX,1,1,0,29.25,15.48287,15.48197,No,Yes,Yes,No,8/3/2016,0,0,,8/3/2016,,No,
0000364179,12,8524037,"BEDCIDE, 25 KG",CHE,EA,1,1,0,58.00363,48.20375,48.20375,No,Yes,Yes,No,8/3/2016,0,0,LS,8/3/2016,,No,
0000364146,12,8524361,BOVITEC 18.9L,CHE,EA,1,1,0,95.70387,52,51.98769,No,Yes,Yes,No,8/3/2016,0,0,W,8/3/2016,,No,
0000364146,12,8523512,BOVI-KOTE D IODINE TEAT DIP 18.9L,CHE,EA,1,1,0,208.5,93,92.9845,No,Yes,Yes,No,8/3/2016,0,0,LS,8/3/2016,,No,
0000364146,12,8523600,"SANICLOTH, DAIRY TOWEL LAUNDRY SOAP 10L",CHE,EA,1,1,0,38.4719,19.995,19.995,No,Yes,Yes,No,8/3/2016,0,0,FRT,8/3/2016,,No,
0000364168,12,8524209,CHALLENGE HD LIQ. CLNR PER LITRE,CHE,LT,20,20,0,2.95,1.274,1.274,No,Yes,Yes,No,15/3/2016,0,0,,14/3/2016,,No,
0000364168,12,8522223,ACID 40 PER LITRE,CHE,LT,20,20,0,3.55,1.46852,1.46655,No,Yes,Yes,No,15/3/2016,0,0,,14/3/2016,,No,
0000364168,12,8523774,TRU-BLU SPARKLE DISH SOAP 4L,CHE,EA,1,1,0,25.15,11.62128,11.62128,No,Yes,Yes,No,15/3/2016,0,0,,14/3/2016,,No,
0000364168,12,8523512,BOVI-KOTE D IODINE TEAT DIP 18.9L,CHE,EA,1,1,0,208.5,93,92.9845,No,Yes,Yes,No,15/3/2016,0,0,LS,14/3/2016,,No,
0000364168,12,8525000,"TOWEL, K&D XL, 1100/RFL, 2 REFILLS/CASE",CHE,CS,1,1,0,108.01,62.76,62.76,No,Yes,Yes,No,15/3/2016,0,0,,14/3/2016,,No,
0000364168,12,SCRAPER,MANURE SCRAPER (BLUE),MIS,EA,1,1,0,14.75,9.81724,9.81724,No,Yes,Yes,No,15/3/2016,0,0,FRT,14/3/2016,,No,
0000364118,12,8524524,"ENVIROGUARD DEFENDER, 208L",CHE,EA,1,1,0,874.75,328.91,328.91,No,Yes,Yes,No,4/3/2016,0,0,WF,2/3/2016,,No,
0000364118,12,8523774,TRU-BLU SPARKLE DISH SOAP 4L,CHE,EA,1,1,0,25.15,11.62918,11.56995,No,Yes,Yes,No,4/3/2016,0,0,,2/3/2016,,No,
0000364118,12,8523381,BROWN PAPER TOWELS 4000/CS 1-PLY,BOU,EA,1,1,0,53.35,39.162,39.162,No,Yes,Yes,No,4/3/2016,0,0,W,2/3/2016,,No,
0000364141,12,NS,USED CAP,,,1,1,0,11.47,0,0,No,Yes,Yes,Yes,8/3/2016,0,0,,8/3/2016,,No,
0000364214,,,Air compressor service,,,0,0,0,0,0,0,No,No,No,No,14/3/2016,0,0,J,8/3/2016,Air compressor service,No,
0000364214,00,IR-22388045,"SEPARATOR ELEMENT, AIR COMPRESSOR",MIS,EA,1,1,0,244.8,208.08,208.53094,No,Yes,Yes,No,14/3/2016,0,0,BASEMENT,8/3/2016,,No,
0000364214,00,IR-88171913,"FILTER, AIR, AIR COMPRESSOR",MIS,EA,1,1,0,45.9,39.015,39.14183,No,Yes,Yes,No,14/3/2016,0,0,BASEMENT,8/3/2016,,No,
0000364214,00,IR-39329602,"FILTER, COOLANT,  AIR COMPRESSOR",MIS,EA,1,1,0,59.5,50.575,50.73941,No,Yes,Yes,No,14/3/2016,0,0,BASEMENT,8/3/2016,,No,
0000364214,00,IR-23973969,5L FG Compressor Oil,,EA,1,1,0,308.333,185,185,No,Yes,Yes,No,14/3/2016,0,0,Basement,8/3/2016,,No,
0000364214,00,LAB-MK,MIKE KREIS,LAB,HR,1.33,1.33,0,68,0,22.90052,No,Yes,Yes,No,14/3/2016,0,0,,8/3/2016,,No,
0000364214,,,Mar 8/16 Mike K,,,0,0,0,0,0,0,No,No,No,No,14/3/2016,0,0,,8/3/2016,Mar 8/16 Mike K,No,
0000364211,,,,,,0,0,0,0,0,0,No,No,No,No,14/3/2016,0,0,J,11/3/2016,,No,
0000364211,18,BR-070100120,"GRIPPER, PADS, REV C",RBT,EA,2,2,0,34.88333,21.53,21.53,No,Yes,Yes,No,14/3/2016,0,0,B2F,11/3/2016,,No,
0000364211,,,Mark D Mar 11/16,,,0,0,0,0,0,0,No,No,No,No,14/3/2016,0,0,J,11/3/2016,Mark D Mar 11/16,No,
0000364215,,,Cost to modify cup guides with ss inserts,,,0,0,0,0,0,0,No,No,No,No,14/3/2016,0,0,J,11/3/2016,Cost to modify cup guides with ss inserts,No,
0000364215,00,X,Modification cost,,,4,4,0,55,53.34,53.34,No,Yes,Yes,Yes,14/3/2016,0,0,,11/3/2016,,No,
0000364189,,,PICKED UP AT OUR SHOP BY DEREK,,,0,0,0,0,0,0,No,No,No,No,11/3/2016,0,0,J,11/3/2016,PICKED UP AT OUR SHOP BY DEREK,No,
0000364189,00,4012208,"STOPPER,DRAIN,RUBBER",BOU,EA,1,1,0,17.9,6.15884,6.15884,No,Yes,Yes,No,11/3/2016,0,0,XF345,11/3/2016,,No,
0000364189,00,4015112,"COLLAR ASSY,JAR",BOU,EA,1,1,0,111.95,42.36,41.47627,No,Yes,Yes,No,11/3/2016,0,0,XF331,11/3/2016,,No,
0000364189,00,8511970,"DIAPHRAGM, DRAIN VALVE",BOU,EA,1,1,0,66.75,21.122,20.77945,No,Yes,Yes,No,11/3/2016,0,0,XF533,11/3/2016,,No,
0000364189,00,8511971,"SEAT,DRAIN VALVE",BOU,EA,1,1,0,82.85,26.43,25.94424,No,Yes,Yes,No,11/3/2016,0,0,XF533,11/3/2016,,No,
0000364189,00,8511975,"DIAPHRAGM, DRAIN VALVE, (ORANGE)",BOU,EA,1,1,0,58.7,19.98,19.03516,No,Yes,Yes,No,11/3/2016,0,0,XF533,11/3/2016,,No,
0000364189,00,4015911,"SWITCH,7-CAM TIMER",BOU,EA,2,2,0,163.05,72.13068,72.13068,No,Yes,Yes,No,11/3/2016,0,0,XI255,11/3/2016,,No,
0000364207,,,"PARTS DELIVERED BY CARL (MARCH 2, 2016)",,,0,0,0,0,0,0,No,No,No,No,12/3/2016,0,0,J,12/3/2016,"PARTS DELIVERED BY CARL (MARCH 2, 2016)",No,
0000364207,00,4015112,"COLLAR ASSY,JAR",BOU,EA,1,1,0,111.95,42.36,41.47627,No,Yes,Yes,No,12/3/2016,0,0,XF331,12/3/2016,,No,
0000364207,00,4018856,"JAR,PLASTIC,1 QUART",BOU,EA,1,1,0,103.7,37.533,37.53486,No,Yes,Yes,No,12/3/2016,0,0,XI212,12/3/2016,,No,
0000364207,00,8501941,"ADAPTOR, 3/8 HOSE X 1/4 NPT",BOU,EA,1,1,0,11.05,4.31,4.12856,No,Yes,Yes,No,12/3/2016,0,0,XF653,12/3/2016,,No,
0000364207,00,8509547,CHECK VALVE,BOU,EA,1,1,0,54.55,21.24,20.46725,No,Yes,Yes,No,12/3/2016,0,0,XF653,12/3/2016,,No,
0000364207,00,8511971,"SEAT,DRAIN VALVE",BOU,EA,1,1,0,82.85,26.43,25.94424,No,Yes,Yes,No,12/3/2016,0,0,XF533,12/3/2016,,No,
0000364207,00,8511975,"DIAPHRAGM, DRAIN VALVE, (ORANGE)",BOU,EA,1,1,0,58.7,19.98,19.03516,No,Yes,Yes,No,12/3/2016,0,0,XF533,12/3/2016,,No,
0000364030,00,FREIGHT,FREIGHT CHARGE for London Farm Show for T&T Power Group,,EA,1,1,0,150,150,150,No,Yes,No,No,8/3/2016,0,0,,7/3/2016,,No,
0000364073,,,JOHN GUTHRIE 519-745-9805,,,0,0,0,0,0,0,No,No,No,No,2/3/2016,0,0,J,10/3/2016,JOHN GUTHRIE 519-745-9805,No,
0000364073,,,"VALVES WITH FITTINGS FOR 1-1/2"" & 2"" TANK OUTLETS",,,0,0,0,0,0,0,No,No,No,No,2/3/2016,0,0,J,10/3/2016,"VALVES WITH FITTINGS FOR 1-1/2"" & 2"" TANK OUTLETS",No,
0000364073,00,SMB-S18X15,"NIPPLE PIPE, 1/8"" X 1.5"" SS",MIS,EA,0.5,0.5,0,4.42308,0.94,0.94,No,Yes,Yes,No,2/3/2016,0,0,XD335,10/3/2016,,No,
0000364073,00,X,"1-1/2"" FERRULE, RECESSLESS, 45 DEG BEVEL",,EA,1,1,0,38.5,22.5,22.5,No,Yes,Yes,Yes,2/3/2016,0,0,,10/3/2016,,No,
0000364073,00,X,"NUT, SS 1-1/2""",,EA,1,1,0,45.5,12,12,No,Yes,Yes,Yes,2/3/2016,0,0,,10/3/2016,,No,
0000364073,00,SMB-SSBV150FP,"BALL VALVE, 1 1/2"", STAINLESS STEEL",MIS,EA,1,1,0,52.947,42.56,41.135,No,Yes,Yes,No,2/3/2016,0,0,XD246,10/3/2016,,No,
0000364073,00,SMB-S2X4,"NIPPLE PIPE 2"" X 4"" SS",MIS,EA,0.5,0.5,0,9.30047,7.69,7.69,No,Yes,Yes,No,2/3/2016,0,0,XD235,10/3/2016,,No,
0000364073,00,4017845,"NUT, #13, SS 2""",ROG,EA,1,1,0,49.5,11.7,11.68424,No,Yes,Yes,No,2/3/2016,0,0,XH354,10/3/2016,,No,
0000364073,00,X,"2"" FERRULE, RECESSLESS, 45 DEG BEVEL",,EA,1,1,0,42.25,28,28,No,Yes,Yes,Yes,2/3/2016,0,0,,10/3/2016,,No,
0000364073,00,SMB-SSBV2FP,"BALL VALL 2"" SS, FULL PORT",MIS,EA,1,1,0,62.94667,23.21,35.21,No,Yes,Yes,No,2/3/2016,0,0,XD334,10/3/2016,,No,
0000364073,00,LAB-WD,"WAYNE DEBUS (MARCH 2, 2016)",LAB,HR,1,1,0,75,0,0,No,Yes,Yes,No,2/3/2016,0,0,,10/3/2016,,No,
0000364092,00,8507908,"CAP,END,SS 1.5""",ROG,EA,1,1,0,17.85,3.57204,3.4389,No,Yes,Yes,No,14/3/2016,0,0,XH163,14/3/2016,,No,
0000364133,12,DEPOSIT55,CARBOY DEPOSIT - 55 L,,EA,1,1,0,25,25,25,No,Yes,Yes,No,4/3/2016,0,0,W,4/3/2016,,No,
0000364133,12,8524502,"HYDROGEN PEROXIDE,  35% 55L",CHE,EA,1,1,0,99,54.925,45.46107,No,Yes,Yes,No,4/3/2016,0,0,W,4/3/2016,,No,
0000364133,12,DEPOSIT55,CARBOY DEPOSIT - 55 L,,EA,-1,-1,0,25,25,25,No,Yes,Yes,No,4/3/2016,0,0,W,4/3/2016,,No,
0000364173,12,CR-18H,"HANDLE WOODEN TAPERED, 72""",MIS,EA,1,1,0,8.35392,7.74,7.53125,No,Yes,Yes,No,15/3/2016,0,0,SHWRM,14/3/2016,,No,
0000364173,12,SCRAPER,MANURE SCRAPER (BLUE),MIS,EA,1,1,0,14.75,9.81724,9.81724,No,Yes,Yes,No,15/3/2016,0,0,FRT,14/3/2016,,No,
0000364173,12,N-0010,"NOZZLE, TRIGGER, HOT WATER, RED ANKA, 3/4""",MIS,EA,1,1,0,35.671,21.074,21.074,No,Yes,Yes,No,15/3/2016,0,0,,14/3/2016,,No,
0000364173,12,8524209,CHALLENGE HD LIQ. CLNR PER LITRE,CHE,LT,55,55,0,2.95,1.274,1.274,No,Yes,Yes,No,15/3/2016,0,0,,14/3/2016,,No,
0000364173,12,8522223,ACID 40 PER LITRE,CHE,LT,55,55,0,3.55,1.46852,1.46655,No,Yes,Yes,No,15/3/2016,0,0,,14/3/2016,,No,
0000364173,12,8525000,"TOWEL, K&D XL, 1100/RFL, 2 REFILLS/CASE",CHE,CS,1,1,0,108.01,62.76,62.76,No,Yes,Yes,No,15/3/2016,0,0,,14/3/2016,,No,
0000364173,12,8523179,SANITIZING CHLORINE PER LITRE,CHE,LT,20,20,0,0.835,0.25,0.25,No,Yes,Yes,No,15/3/2016,0,0,,14/3/2016,,No,
0000364173,12,SALT,"SOFTENER SALT 20KG, ULTRA CRYSTAL ( IRON OUT)",MIS,EA,4,4,0,9.15,6.44997,6.44997,No,Yes,Yes,No,15/3/2016,0,0,FL,14/3/2016,,No,
0000364167,12,8522703,ACID-GUARD S CONCENTRATED ACID PER LITRE,CHE,LT,55,55,0,7.98,3.2988,3.29041,No,Yes,Yes,No,15/3/2016,0,0,W,14/3/2016,,No,
0000364167,12,8524304,"ENVIROGUARD DEFENDER, 56.8 L",CHE,EA,1,1,0,269.99026,102,102,No,Yes,Yes,No,15/3/2016,0,0,,14/3/2016,,No,
0000364167,12,8523179,SANITIZING CHLORINE PER LITRE,CHE,LT,20,20,0,0.835,0.25,0.25,No,Yes,Yes,No,15/3/2016,0,0,,14/3/2016,,No,
0000364167,12,8587560,"LINER, MAGNUM 500M, VENTED (s)",INF,EA,80,80,0,9.1,4.6738,4.6738,No,Yes,Yes,No,15/3/2016,0,0,WB222,14/3/2016,,No,
0000364160,12,CR-22-503,PUMP JUG,MIS,EA,2,2,0,7.75,6.72265,6.72265,No,Yes,Yes,No,9/3/2016,0,0,SHWRM,9/3/2016,,No,
0000364138,12,8587560,"LINER, MAGNUM 500M, VENTED (8514981)(s)",INF,EA,16,16,0,7.9,4.67381,4.6738,No,Yes,Yes,No,8/3/2016,0,0,WB222,7/3/2016,,No,
0000364123,12,8524209,CHALLENGE HD LIQ. CLNR PER LITRE,CHE,LT,55,55,0,2.95,1.274,1.274,No,Yes,Yes,No,4/3/2016,0,0,,3/3/2016,,No,
0000364123,12,RD589,"FILTER, MILK, 2 1/4"" X 24"" 100/BOX",ROG,BOX,1,1,0,29.25,15.48287,15.48197,No,Yes,Yes,No,4/3/2016,0,0,,3/3/2016,,No,
0000364152,12,JV-297T,"SNAP, BULL SWIVEL W/ TAB 1"" ROUND",MIS,EA,6,6,0,4.55,2.08677,2.08677,No,Yes,Yes,No,9/3/2016,0,0,CUSTOMER,9/3/2016,,No,
0000364152,12,W-503405,"LINK QUICK 1/4"" ZINC",STA,EA,6,6,0,1.19988,0.37387,0.36639,No,Yes,Yes,No,9/3/2016,0,0,XD231,9/3/2016,,No,
0000364152,12,8589274-1,"TUBE, AIR, 7.5"", EACH",BOU,EA,3,3,0,2.86,0.76184,0.76184,No,Yes,Yes,No,9/3/2016,0,0,RS,9/3/2016,,No,
0000364152,12,8504044-1,"LINER, RF1-VENTED, 1 PC",INF,EA,24,24,0,7.9,4.68155,4.67447,No,Yes,Yes,No,9/3/2016,0,0,ST,9/3/2016,,No,
0000364152,12,8523626,TRU-BLU TEAM CHLOR (TANKSHINE) 6.8KG,CHE,EA,2,2,0,42.15,26.21,26.21,No,Yes,Yes,No,9/3/2016,0,0,FRT,9/3/2016,,No,
0000364152,12,V34605-M,"GLOVE, DISPOSABLE BLACK NITRILE, 4.5MIL, MED (BOX/100)",MIS,EA,2,2,0,13.5,7.12636,7.12636,No,Yes,Yes,No,9/3/2016,0,0,XF113,9/3/2016,,No,
0000364152,12,8523381,BROWN PAPER TOWELS 4000/CS 1-PLY,BOU,EA,1,1,0,53.35,39.162,39.162,No,Yes,Yes,No,9/3/2016,0,0,W,9/3/2016,,No,
0000364152,12,RD589,"FILTER, MILK, 2 1/4"" X 24"" 100/BOX",ROG,BOX,1,1,0,29.25,15.48287,15.48197,No,Yes,Yes,No,9/3/2016,0,0,,9/3/2016,,No,
0000364152,12,8523179,SANITIZING CHLORINE PER LITRE,CHE,LT,20,20,0,0.835,0.25,0.25,No,Yes,Yes,No,9/3/2016,0,0,,9/3/2016,,No,
0000364152,12,8524210,GUARD 100 CONCENTRATED CIP CLNR/LT,CHE,LT,20,20,0,6.89,1.53614,1.50086,No,Yes,Yes,No,9/3/2016,0,0,,9/3/2016,,No,
0000364152,12,8523814,ACID 60 PER LITRE,CHE,LT,20,20,0,5.3,2.17638,2.13654,No,Yes,Yes,No,9/3/2016,0,0,,9/3/2016,,No,
0000364152,12,8522703,ACID-GUARD S CONCENTRATED ACID PER LITRE,CHE,LT,20,20,0,7.98,3.2988,3.29041,No,Yes,Yes,No,9/3/2016,0,0,W,9/3/2016,,No,
0000364152,12,8524209,CHALLENGE HD LIQ. CLNR PER LITRE,CHE,LT,20,20,0,2.95,1.274,1.274,No,Yes,Yes,No,9/3/2016,0,0,,9/3/2016,,No,
0000364125,12,RD589,"FILTER, MILK, 2 1/4"" X 24"" 100/BOX",ROG,BOX,1,1,0,29.25,15.48287,15.48197,No,Yes,Yes,No,4/3/2016,0,0,,3/3/2016,,No,
0000364125,12,8589275,"TUBE, AIR, 9"", EACH",BOU,EA,8,8,0,2.86,2.32325,2.32325,No,Yes,Yes,No,4/3/2016,0,0,RS,3/3/2016,,No,
0000364125,12,8523381,BROWN PAPER TOWELS 4000/CS 1-PLY,BOU,EA,1,1,0,53.35,39.162,39.162,No,Yes,Yes,No,4/3/2016,0,0,W,3/3/2016,,No,
0000364125,12,3556549,"O-RING,2.859 X .139",BOU,EA,2,2,0,5.8,1.23776,1.23776,No,Yes,Yes,No,4/3/2016,0,0,K,3/3/2016,,No,
0000364186,,,High bacteria test - shocked robot wash system,,,0,0,0,0,0,0,No,No,No,No,14/3/2016,0,0,J,2/3/2016,High bacteria test - shocked robot wash system,No,
0000364186,00,8523929,"SYSTEM SHOCK, CIP BOOSTER    ***PER LITRE***",CHE,L,1,1,0,15.28208,5.35556,5.35556,No,Yes,Yes,No,14/3/2016,0,0,WF,2/3/2016,,No,
0000364186,00,LAB-MK,MIKE KREIS,LAB,HR,1,1,0,68,0,22.90052,No,Yes,Yes,No,14/3/2016,0,0,,2/3/2016,,No,
0000364186,,,"Mike K, Mar 2/16",,,0,0,0,0,0,0,No,No,No,No,14/3/2016,0,0,,2/3/2016,"Mike K, Mar 2/16",No,
0000364196,,,"Hydraulics not working properly , replaced accumulator",,,0,0,0,0,0,0,No,No,No,No,14/3/2016,0,0,J,3/3/2016,"Hydraulics not working properly , replaced accumulator",No,
0000364196,00,BR-070400490,"HYDRAULIC, ACCUMULATOR 1.65L, 250BAR, REV A",RBT,EA,1,1,0,359.96364,197.98,197.98,No,Yes,Yes,No,14/3/2016,0,0,B4A,3/3/2016,,No,
0000364196,00,WARRANTY,WARRANTY PARTS CREDIT,WAR,EA,1,1,0,-359.96364,0,160,No,Yes,Yes,No,14/3/2016,0,0,,3/3/2016,,No,
0000364196,,,"Mike, Mark , Mar 3/16",,,0,0,0,0,0,0,No,No,No,No,14/3/2016,0,0,J,3/3/2016,"Mike, Mark , Mar 3/16",No,
0000364197,,,Cost to modify cup guides with SS inserts,,,0,0,0,0,0,0,No,No,No,No,14/3/2016,0,0,J,7/3/2016,Cost to modify cup guides with SS inserts,No,
0000364197,00,X,Modification cost,,,2,2,0,55,53.34,53.34,No,Yes,Yes,Yes,14/3/2016,0,0,,7/3/2016,,No,
0000364185,,,"Replaced milk meter seals, check cleaning",,,0,0,0,0,0,0,No,No,No,No,14/3/2016,0,0,J,14/3/2016,"Replaced milk meter seals, check cleaning",No,
0000364185,00,BR-030300202,"MILK METER, SEAL REBUILD KIT",RBT,EA,1,1,0,122.94545,67.62,67.62,No,Yes,Yes,No,14/3/2016,0,0,B3A,14/3/2016,,No,
0000364185,00,BR-030300206A,CLEANING VALVE MILK METER,RBT,EA,1,1,0,161.46,80.73,80.73,No,Yes,Yes,No,14/3/2016,0,0,BASMNT,14/3/2016,,No,
0000364185,00,WARR-ROB,WARRANTY PARTS CREDIT - ROBOT,,EA,1,1,0,-161.46,0,0,No,Yes,Yes,No,14/3/2016,0,0,,14/3/2016,,No,
0000364185,,,Mike K - Mar 2/16,,,0,0,0,0,0,0,No,No,No,No,14/3/2016,0,0,,14/3/2016,Mike K - Mar 2/16,No,
0000364184,,,Parts to replace what we install at Oostview farms,,,0,0,0,0,0,0,No,No,No,No,14/3/2016,0,0,J,14/3/2016,Parts to replace what we install at Oostview farms,No,
0000364184,00,BR-070700240,"SENSOR, 3 WAY VALVE, REV A",RBT,EA,5,5,0,48.09091,26.45,26.45,No,Yes,No,No,14/3/2016,0,0,B2A,14/3/2016,,No,
0000364136,12,8504044-1,"LINER, RF1-VENTED, 1 PC",INF,EA,20,20,0,7.9,4.68155,4.67447,No,Yes,Yes,No,8/3/2016,0,0,ST,7/3/2016,,No,
0000364136,12,8522223,ACID 40 PER LITRE,CHE,LT,20,20,0,3.55,1.46852,1.46655,No,Yes,Yes,No,8/3/2016,0,0,,7/3/2016,,No,
0000364136,12,RD589,"FILTER, MILK, 2 1/4"" X 24"" 100/BOX",ROG,BOX,1,1,0,29.25,15.48287,15.48197,No,Yes,Yes,No,8/3/2016,0,0,,7/3/2016,,No,
0000364136,12,8524261,"EXCEL PLUS, PWD CLNR,  4 X .25 BAGS/DRUM",CHE,EA,0.25,0.25,0,260.85,39.96094,56.82517,No,Yes,Yes,No,8/3/2016,0,0,FRT,7/3/2016,,No,
0000364136,12,CR-22-503,PUMP JUG,MIS,EA,1,1,0,7.75,6.72265,6.72265,No,Yes,Yes,No,8/3/2016,0,0,SHWRM,7/3/2016,,No,
0000364136,12,V34605-M,"GLOVE, DISPOSABLE BLACK NITRILE, 4.5MIL, MED (BOX/100)",MIS,EA,1,1,0,13.5,7.12636,7.12636,No,Yes,Yes,No,8/3/2016,0,0,XF113,7/3/2016,,No,
0000364126,12,8523771,TRU-BLU LIQUID LAUNDRY 4L,CHE,EA,2,2,0,18.7,10.68646,10.68789,No,Yes,Yes,No,4/3/2016,0,0,FRT,3/3/2016,,No,
0000364135,12,8523512,BOVI-KOTE D IODINE TEAT DIP 18.9L,CHE,EA,1,1,0,208.5,93,92.98339,No,Yes,Yes,No,8/3/2016,0,0,LS,7/3/2016,,No,
0000364135,12,8523512,BOVI-KOTE D IODINE TEAT DIP 18.9L,CHE,EA,-1,-1,0,208.5,93,92.98339,No,Yes,Yes,No,8/3/2016,0,0,LS,7/3/2016,,No,
0000364135,,,returned as product had gone bad,,,0,0,0,0,0,0,No,No,No,No,8/3/2016,0,0,,7/3/2016,returned as product had gone bad,No,
0000364135,12,8524209,CHALLENGE HD LIQ. CLNR PER LITRE,CHE,LT,20,20,0,2.95,1.274,1.274,No,Yes,Yes,No,8/3/2016,0,0,,7/3/2016,,No,
0000364135,12,RD589,"FILTER, MILK, 2 1/4"" X 24"" 100/BOX",ROG,BOX,1,1,0,29.25,15.48287,15.48197,No,Yes,Yes,No,8/3/2016,0,0,,7/3/2016,,No,
0000364194,00,ELE-60 CONB,60 amp disconnect,,,1,1,0,143.8,97.75,97.75,No,Yes,Yes,Yes,7/3/2016,0,0,,7/3/2016,,No,
0000364194,00,ELE-OTM60,60 amp 240 volt fuse,,,1,1,0,9.59,4.94,4.94,No,Yes,Yes,Yes,7/3/2016,0,0,,7/3/2016,,No,
0000364194,00,LABOUR-B,REGULAR LABOUR RATE (KYLE SCHADE),LAB,HR,2.5,2.5,0,68,54,54,No,Yes,No,No,7/3/2016,0,0,,7/3/2016,,No,
0000364194,00,S-CALL-C/B,"CALL BACK, SERVICE CALL",,EA,1,1,0,40,0,0,No,Yes,Yes,No,7/3/2016,0,0,,7/3/2016,,No,
0000364157,12,8523179,SANITIZING CHLORINE PER LITRE,CHE,LT,20,20,0,0.835,0.25,0.25,No,Yes,Yes,No,9/3/2016,0,0,,9/3/2016,,No,
0000364157,12,8523814,ACID 60 PER LITRE,CHE,LT,20,20,0,5.3,2.17638,2.13654,No,Yes,Yes,No,9/3/2016,0,0,,9/3/2016,,No,
0000364157,12,8523512,BOVI-KOTE D IODINE TEAT DIP 18.9L,CHE,EA,1,1,0,208.5,93,92.9845,No,Yes,Yes,No,9/3/2016,0,0,LS,9/3/2016,,No,
0000364157,12,8524361,BOVITEC 18.9L,CHE,EA,1,1,0,95.70387,52,51.98769,No,Yes,Yes,No,9/3/2016,0,0,W,9/3/2016,,No,
0000364157,12,8524261,"EXCEL PLUS, PWD CLNR,  4 X .25 BAGS/DRUM",CHE,EA,0.25,0.25,0,260.85,39.96094,56.82517,No,Yes,Yes,No,9/3/2016,0,0,FRT,9/3/2016,,No,
0000364157,12,V34605-M,"GLOVE, DISPOSABLE BLACK NITRILE, 4.5MIL, MED (BOX/100)",MIS,EA,1,1,0,13.5,7.12636,7.12636,No,Yes,Yes,No,9/3/2016,0,0,XF113,9/3/2016,,No,
0000364157,12,RD589,"FILTER, MILK, 2 1/4"" X 24"" 100/BOX",ROG,BOX,1,1,0,29.25,15.48287,15.48197,No,Yes,Yes,No,9/3/2016,0,0,,9/3/2016,,No,
0000364117,12,8524209,CHALLENGE HD LIQ. CLNR PER LITRE,CHE,LT,20,20,0,2.95,1.274,1.274,No,Yes,Yes,No,4/3/2016,0,0,,2/3/2016,,No,
0000364117,12,8522223,ACID 40 PER LITRE,CHE,LT,40,40,0,3.55,1.46852,1.46655,No,Yes,Yes,No,4/3/2016,0,0,,2/3/2016,,No,
0000364117,12,8503715-1,OIL VACUUM PUMP- 4LITRE,MIS,4L,1,1,0,25.95,16.50846,16.50846,No,Yes,Yes,No,4/3/2016,0,0,WA040,2/3/2016,,No,
0000364117,12,RD588,"FILTER, MILK, 2"" X 24"" 100/BOX",ROG,BOX,1,1,0,27.05,13.78555,13.76937,No,Yes,Yes,No,4/3/2016,0,0,,2/3/2016,,No,
0000364130,12,8587559,"LINER, MAGNUM, 400M, VENTED(8514980) (s)",INF,EA,16,16,0,7.9,4.57733,4.57625,No,Yes,Yes,No,4/3/2016,0,0,WA210,4/3/2016,,No,
0000364130,12,8524209,CHALLENGE HD LIQ. CLNR PER LITRE,CHE,LT,55,55,0,2.95,1.274,1.274,No,Yes,Yes,No,4/3/2016,0,0,,4/3/2016,,No,
0000364130,12,V34605-M,"GLOVE, DISPOSABLE BLACK NITRILE, 4.5MIL, MED (BOX/100)",MIS,EA,1,1,0,13.5,7.12636,7.12636,No,Yes,Yes,No,4/3/2016,0,0,XF113,4/3/2016,,No,
0000364130,12,8522223,ACID 40 PER LITRE,CHE,LT,20,20,0,3.55,1.46852,1.46655,No,Yes,Yes,No,4/3/2016,0,0,,4/3/2016,,No,
0000364130,12,NS,FILTER,,,1,1,0,14.3,0,0,No,Yes,Yes,Yes,4/3/2016,0,0,,4/3/2016,,No,
0000364180,12,8523179,SANITIZING CHLORINE PER LITRE,CHE,LT,20,20,0,0.835,0.25,0.25,No,Yes,Yes,No,8/3/2016,0,0,,8/3/2016,,No,
0000364180,12,8523316-1,DIHEXAMIN UDDERWASH 3.78L/1 GAL,CHE,EA,1,1,0,29.6,16.88,16.88,No,Yes,Yes,No,8/3/2016,0,0,WB,8/3/2016,,No,
0000364180,12,8587559,"LINER, MAGNUM, 400M, VENTED(8514980) (s)",INF,EA,20,20,0,7.9,4.57733,4.57625,No,Yes,Yes,No,8/3/2016,0,0,WA210,8/3/2016,,No,
0000364180,12,SALT,"SOFTENER SALT 20KG, ULTRA CRYSTAL ( IRON OUT)",MIS,EA,2,2,0,9.15,6.44997,6.44997,No,Yes,Yes,No,8/3/2016,0,0,FL,8/3/2016,,No,
0000364180,12,RD589,"FILTER, MILK, 2 1/4"" X 24"" 100/BOX",ROG,BOX,1,1,0,29.25,15.48287,15.48197,No,Yes,Yes,No,8/3/2016,0,0,,8/3/2016,,No,
0000364180,12,DEPOSIT55,CARBOY DEPOSIT - 55 L,,EA,-1,-1,0,25,25,25,No,Yes,Yes,No,8/3/2016,0,0,W,8/3/2016,,No,
0000364112,12,8515287,"HOSE, MILK, 5/8"" SILICONE",BOU,FT,7.5,7.5,0,20.2,6.02618,5.94402,No,Yes,Yes,No,14/3/2016,0,0,WC,11/3/2016,,No,
0000364112,12,8523513,BOVI-KOTE D IODINE TEAT DIP 56.8L,CHE,EA,1,1,0,558.9,269.89524,269.89524,No,Yes,Yes,No,14/3/2016,0,0,LS,11/3/2016,,No,
0000364112,12,8587559,"LINER, MAGNUM, 400M, VENTED (s)",INF,EA,40,40,0,9.1,4.57733,4.57625,No,Yes,Yes,No,14/3/2016,0,0,WA210,11/3/2016,,No,
0000364112,12,8523381,BROWN PAPER TOWELS 4000/CS 1-PLY,BOU,EA,-1,-1,0,53.35,39.162,39.162,No,Yes,Yes,No,14/3/2016,0,0,W,11/3/2016,,No,
0000364112,12,8523149,"TOWELS, PAPER (BLUE) 2016/CS 2-PLY",BOU,EA,2,2,0,29.75,24.21271,24.21271,No,Yes,Yes,No,14/3/2016,0,0,FRT,11/3/2016,,No,
0000364112,12,8507905,"GASKET,TRI-CLAMP,1.5""",ROG,EA,2,2,0,2,0.40243,0.40063,No,Yes,Yes,No,14/3/2016,0,0,XH132,11/3/2016,,No,
0000364174,12,8508920-S,"CAP, RUBBER, MILK-INLET, SILICONE",MIS,EA,4,4,0,6.75,1.77313,1.73204,No,Yes,Yes,No,15/3/2016,0,0,XF434,14/3/2016,,No,
0000364174,12,8524209,CHALLENGE HD LIQ. CLNR PER LITRE,CHE,LT,20,20,0,2.95,1.274,1.274,No,Yes,Yes,No,15/3/2016,0,0,,14/3/2016,,No,
0000364174,12,RD589,"FILTER, MILK, 2 1/4"" X 24"" 100/BOX",ROG,BOX,1,1,0,29.25,15.48287,15.48197,No,Yes,Yes,No,15/3/2016,0,0,,14/3/2016,,No,
0000364174,12,8523149,"TOWELS, PAPER (BLUE) 2016/CS 2-PLY",BOU,EA,1,1,0,46.151,24.21271,24.21271,No,Yes,Yes,No,15/3/2016,0,0,FRT,14/3/2016,,No,
0000364153,12,8524304,"ENVIROGUARD DEFENDER, 56.8 L",CHE,EA,1,1,0,269.99026,102,101.93806,No,Yes,Yes,No,9/3/2016,0,0,,9/3/2016,,No,
0000364153,12,DX-642000-50,"TOWELS, MICROFIBER, 12"" X 12"", BLUE (50PK)",MIS,EA,1,1,0,69.6,34.49666,34.49666,No,Yes,Yes,No,9/3/2016,0,0,WB223,9/3/2016,,No,
0000364169,12,RD588,"FILTER, MILK, 2"" X 24"" 100/BOX",ROG,BOX,1,1,0,27.05,13.78555,13.76937,No,Yes,Yes,No,15/3/2016,0,0,,14/3/2016,,No,
0000364163,12,8524362,BOVITEC 56.8L,CHE,EA,1,1,0,260,139.74886,139.74886,No,Yes,Yes,No,11/3/2016,0,0,W,10/3/2016,,No,
0000364163,12,8523513,BOVI-KOTE D IODINE TEAT DIP 56.8L,CHE,EA,1,1,0,558.9,269.89524,269.89524,No,Yes,Yes,No,11/3/2016,0,0,LS,10/3/2016,,No,
0000364163,12,RD589,"FILTER, MILK, 2 1/4"" X 24"" 100/BOX",ROG,BOX,1,1,0,29.25,15.48287,15.48197,No,Yes,Yes,No,11/3/2016,0,0,,10/3/2016,,No,
0000364164,12,8524210,GUARD 100 CONCENTRATED CIP CLNR/LT,CHE,LT,55,55,0,6.89,1.53614,1.50086,No,Yes,Yes,No,11/3/2016,0,0,,10/3/2016,,No,
0000364164,12,8524304,"ENVIROGUARD DEFENDER, 56.8 L",CHE,EA,1,1,0,269.99026,102,101.93806,No,Yes,Yes,No,11/3/2016,0,0,,10/3/2016,,No,
0000364164,12,8523514,BOVI-KOTE D IODINE TEAT DIP 208L DRUM,CHE,EA,1,1,0,1350.35,913.815,913.815,No,Yes,Yes,No,11/3/2016,0,0,W,10/3/2016,,No,
0000364164,12,8523774,TRU-BLU SPARKLE DISH SOAP 4L,CHE,EA,2,2,0,25.15,11.62918,11.56995,No,Yes,Yes,No,11/3/2016,0,0,,10/3/2016,,No,
0000364108,12,8524210,GUARD 100 CONCENTRATED CIP CLNR/LT,CHE,LT,55,55,0,6.89,1.53614,1.50086,No,Yes,Yes,No,14/3/2016,0,0,,11/3/2016,,No,
0000364108,12,8523179,SANITIZING CHLORINE PER LITRE,CHE,LT,55,55,0,0.835,0.25,0.25,No,Yes,Yes,No,14/3/2016,0,0,,11/3/2016,,No,
0000364108,12,RD588,"FILTER, MILK, 2"" X 24"" 100/BOX",ROG,BOX,1,1,0,27.05,13.78555,13.76937,No,Yes,Yes,No,14/3/2016,0,0,,11/3/2016,,No,
0000364108,12,8523149,"TOWELS, PAPER (BLUE) 2016/CS 2-PLY",BOU,EA,2,2,0,29.75,24.21271,24.21271,No,Yes,Yes,No,14/3/2016,0,0,FRT,11/3/2016,,No,
0000364108,12,8500849,"SEAL, MILK VALVE",BOU,EA,6,6,0,12.8,4.19064,4.01982,No,Yes,Yes,No,14/3/2016,0,0,A,11/3/2016,,No,
0000364108,12,SALT,"SOFTENER SALT 20KG, ULTRA CRYSTAL ( IRON OUT)",MIS,EA,3,3,0,9.15,6.44997,6.44997,No,Yes,Yes,No,14/3/2016,0,0,FL,11/3/2016,,No,
0000364213,,,"Installed Jetter plates, fixed teat spray, finished fresh air system, also repai",,,0,0,0,0,0,0,No,No,No,No,14/3/2016,0,0,,9/3/2016,"Installed Jetter plates, fixed teat spray, finished fresh air system, also repaired RFID wires that were damaged with a shovel.",No,
0000364213,00,BR-070103289,"JETTER, DISK, PLASTIC,RUBBER REV B",RBT,EA,12,12,0,35.2,17.6,17.6,No,Yes,Yes,No,14/3/2016,0,0,B1G,9/3/2016,,No,
0000364213,00,BR-4885,"DETERGENT, EXP ROBOT 56.8L (8524581)",CHE,EA,2,2,0,265.96791,102.77,102.77,No,Yes,Yes,No,14/3/2016,0,0,W,9/3/2016,,No,
0000364213,00,GOAT-GO77054,"HOSE, SILICONE, 3/8"", (9MM)",MIS,FT,20,20,0,3.60028,2.326,2.21916,No,Yes,Yes,No,14/3/2016,0,0,WC,9/3/2016,,No,
0000364213,00,LAB-MK,MIKE KREIS,LAB,HR,2.5,2.5,0,68,0,22.90052,No,Yes,Yes,No,14/3/2016,0,0,,9/3/2016,,No,
0000364213,,,Mar 9/16,,,0,0,0,0,0,0,No,No,No,No,14/3/2016,0,0,J,9/3/2016,Mar 9/16,No,
0000364166,12,8523179,SANITIZING CHLORINE PER LITRE,CHE,LT,55,55,0,0.835,0.25,0.25,No,Yes,Yes,No,11/3/2016,0,0,,10/3/2016,,No,
0000364166,12,8522703,ACID-GUARD S CONCENTRATED ACID PER LITRE,CHE,LT,20,20,0,7.98,3.2988,3.29041,No,Yes,Yes,No,11/3/2016,0,0,W,10/3/2016,,No,
0000364166,12,8525000,"TOWEL, K&D XL, 1100/RFL, 2 REFILLS/CASE",CHE,CS,1,1,0,108.01,62.76,62.76,No,Yes,Yes,No,11/3/2016,0,0,,10/3/2016,,No,
0000364114,12,8523179,SANITIZING CHLORINE PER LITRE,CHE,LT,55,55,0,0.835,0.25,0.25,No,Yes,Yes,No,4/3/2016,0,0,,2/3/2016,,No,
0000364114,12,8522703,ACID-GUARD S CONCENTRATED ACID PER LITRE,CHE,LT,55,55,0,7.98,3.2988,3.29041,No,Yes,Yes,No,4/3/2016,0,0,W,2/3/2016,,No,
0000364114,12,V34605-XL,"GLOVES, DISPOSABLE, BLACK NITRILE, 4.5MIL, X-LGE (BOX/100)",MIS,EA,2,2,0,13.5,7.13482,7.04872,No,Yes,Yes,No,4/3/2016,0,0,,2/3/2016,,No,
0000364140,12,8524209,CHALLENGE HD LIQ. CLNR PER LITRE,CHE,LT,20,20,0,2.95,1.274,1.274,No,Yes,Yes,No,8/3/2016,0,0,,7/3/2016,,No,
0000364140,12,8523521,UDDERDINE 110 IODINE TEAT DIP 56.8L,CHE,EA,1,1,0,349,196.1,196.1,No,Yes,Yes,No,8/3/2016,0,0,LS,7/3/2016,,No,
0000364140,12,8524362,BOVITEC 56.8L,CHE,EA,1,1,0,260,139.74886,139.74886,No,Yes,Yes,No,8/3/2016,0,0,W,7/3/2016,,No,
0000364140,12,8587559,"LINER, MAGNUM, 400M, VENTED(8514980) (s)",INF,EA,48,48,0,7.9,4.57733,4.57625,No,Yes,Yes,No,8/3/2016,0,0,WA210,7/3/2016,,No,
0000364140,12,8523774,TRU-BLU SPARKLE DISH SOAP 4L,CHE,EA,1,1,0,25.15,11.62918,11.56995,No,Yes,Yes,No,8/3/2016,0,0,,7/3/2016,,No,
0000364140,12,8523179,SANITIZING CHLORINE PER LITRE,CHE,LT,20,20,0,0.835,0.25,0.25,No,Yes,Yes,No,8/3/2016,0,0,,7/3/2016,,No,
0000364191,,,Detacher Repair,,,0,0,0,0,0,0,No,No,No,No,10/3/2016,0,0,J,10/3/2016,Detacher Repair,No,
0000364191,,,Repaired Hanger (welding),,,,,,,,,,,,,,,,,,,,
Fixed pulsation problem,,,,,,,,,,,,,,,,,,,,,,,
Only one side was pulsating. F,,,          0.00000,          0.00000,          0.00000,0,0,0,No,No,No,No,2016/03/10,   0.0000,             0.00,,10/3/2016,Repaired Hanger (welding) Fixed pulsation problem Only one side was pulsating. Foundscrew would not tighten so replaced screw.,No,,,,
0000364191,00,LAB-EM,ED MCGOLDRICK,LAB,HR,0.5,0.5,0,68,0,0,No,Yes,Yes,No,10/3/2016,0,0,,10/3/2016,,No,
0000364191,00,LAB-JD,JEFF DUDEN,LAB,HR,0.5,0.5,0,75,0,0,No,Yes,Yes,No,10/3/2016,0,0,,10/3/2016,,No,
0000364191,,,dropped off by Adam on way home,,,0,0,0,0,0,0,No,No,No,No,10/3/2016,0,0,,10/3/2016,dropped off by Adam on way home,No,
0000364199,,,HEAVY STEEL BAR STOCK & U-BOLTS,,,0,0,0,0,0,0,No,No,No,No,8/3/2016,0,0,J,4/3/2016,HEAVY STEEL BAR STOCK & U-BOLTS,No,
0000364199,00,BSM-520-20,"U-BOLT, 2.5"" ID FOR 2 3/8"" PIPE",STA,EA,20,20,0,1.34932,0.985,0.985,No,Yes,Yes,No,8/3/2016,0,0,XA,4/3/2016,,No,
0000364199,00,X,"2"" SOLID ROUND BAR (2 PIECES OF 30""/EA)",,FT,5,5,0,12.613,9.46,9.46,No,Yes,Yes,Yes,8/3/2016,0,0,,4/3/2016,,No,
0000364199,,,(ALSO SENT 2 PIECES FROM CUSTOMER'S STOCK OF ROD STORED AT OUR SHOP),,,0,0,0,0,0,0,No,No,No,No,8/3/2016,0,0,,4/3/2016,(ALSO SENT 2 PIECES FROM CUSTOMER'S STOCK OF ROD STORED AT OUR SHOP),No,
0000364199,00,LAB-EM,ED MCGOLDRICK,LAB,HR,0.5,0.5,0,68,0,0,No,Yes,Yes,No,8/3/2016,0,0,,4/3/2016,,No,
0000364201,,,CUSTOMER PICKED UP AT SHOP,,,0,0,0,0,0,0,No,No,No,No,7/3/2016,0,0,J,7/3/2016,CUSTOMER PICKED UP AT SHOP,No,
0000364201,00,BSM-520-20,"U-BOLT, 2.5"" ID FOR 2 3/8"" PIPE",STA,EA,20,20,0,1.34932,0.985,0.985,No,Yes,Yes,No,7/3/2016,0,0,XA,7/3/2016,,No,
0000364201,,,"TAKEN CARE OF BY RANDY (MAR 7, 2016)",,,0,0,0,0,0,0,No,No,No,No,7/3/2016,0,0,,7/3/2016,"TAKEN CARE OF BY RANDY (MAR 7, 2016)",No,
0000364170,12,8589532,"LINER, MAGNUM 400 MX, VENTED",INF,EA,20,20,0,12.7,6.50281,6.50278,No,Yes,Yes,No,15/3/2016,0,0,WB222,14/3/2016,,No,
0000364170,12,8524502,"HYDROGEN PEROXIDE,  35% 55L",CHE,EA,1,1,0,99,53.57301,48.16505,No,Yes,Yes,No,15/3/2016,0,0,W,14/3/2016,,No,
0000364170,12,DEPOSIT55,CARBOY DEPOSIT - 55 L,,EA,1,1,0,25,25,25,No,Yes,Yes,No,15/3/2016,0,0,W,14/3/2016,,No,
0000364170,12,DEPOSIT-RET55,CARBOY DEPOSIT CREDIT FOR ***EMPTY RETURNED*** - 55L,,EA,1,1,0,-25,-25,-25,No,Yes,Yes,No,15/3/2016,0,0,,14/3/2016,,No,
0000364170,12,RD589,"FILTER, MILK, 2 1/4"" X 24"" 100/BOX",ROG,BOX,1,1,0,29.25,15.48287,15.48197,No,Yes,Yes,No,15/3/2016,0,0,,14/3/2016,,No,
0000364170,12,8524209,CHALLENGE HD LIQ. CLNR PER LITRE,CHE,LT,20,20,0,2.95,1.274,1.274,No,Yes,Yes,No,15/3/2016,0,0,,14/3/2016,,No,
0000364170,12,V34605-L,"GLOVE, DISPOSABLE BLACK NITRILE,4.5MIL, LGE (BOX/100)",MIS,EA,1,1,0,13.5,7.10932,7.10932,No,Yes,Yes,No,15/3/2016,0,0,XF112,14/3/2016,,No,
0000364170,12,8515287,"HOSE, MILK, 5/8"" SILICONE",BOU,FT,35,35,0,13,383.30182,206.058,No,Yes,Yes,No,15/3/2016,0,0,WC,14/3/2016,,No,
0000364170,,,$13/ ft - special price,,,0,0,0,0,0,0,No,No,No,No,15/3/2016,0,0,,14/3/2016,$13/ ft - special price,No,
0000364175,12,8587560,"LINER, MAGNUM 500M, VENTED (s)",INF,EA,64,64,0,9.1,4.6738,4.6738,No,Yes,Yes,No,11/3/2016,0,0,WB222,10/3/2016,,No,
0000364175,12,8523772,TRU-BLU PARLOR BRITE (GLO-ACID) 4L,CHE,EA,1,1,0,29.84769,13.30927,13.30927,No,Yes,Yes,No,11/3/2016,0,0,,10/3/2016,,No,
0000364105,12,8524209,CHALLENGE HD LIQ. CLNR PER LITRE,CHE,LT,55,55,0,2.95,1.274,1.274,No,Yes,Yes,No,4/3/2016,0,0,,1/3/2016,,No,
0000364105,12,8522223,ACID 40 PER LITRE,CHE,LT,20,20,0,3.55,1.46852,1.46655,No,Yes,Yes,No,4/3/2016,0,0,,1/3/2016,,No,
0000364105,12,RD589,"FILTER, MILK, 2 1/4"" X 24"" 100/BOX",ROG,BOX,1,1,0,29.25,15.48287,15.48197,No,Yes,Yes,No,4/3/2016,0,0,,1/3/2016,,No,
0000364127,12,DX-6906015,"PUMP, 55L/208L SAFETY DRUM PUMP",BOU,EA,1,1,0,75,54.658,54.658,No,Yes,Yes,No,4/3/2016,0,0,FRT,3/3/2016,,No,
0000364195,00,CR-2500R,"BRUSH, NURSING BOTTLE",MIS,EA,1,1,0,18.95,11.43,10.8,No,Yes,Yes,No,9/3/2016,0,0,SHWRM,9/3/2016,,No,
0000364195,00,8570912,"PLUG,TEATCUP,PLSTC",BOU,EA,4,4,0,11.05,4.38,4.04336,No,Yes,Yes,No,9/3/2016,0,0,XF242,9/3/2016,,No,
0000364181,12,CR-SP1010,"BRUSH, BOTTLE & VALVE, 16"", WHITE BRISTLES",MIS,EA,1,1,0,14.25,14.33588,14.33588,No,Yes,Yes,No,11/3/2016,0,0,CUSTOMER,10/3/2016,,No,
0000364181,12,CR-18H,"HANDLE WOODEN TAPERED, 72""",MIS,EA,1,1,0,8.35392,7.74,7.53125,No,Yes,Yes,No,11/3/2016,0,0,SHWRM,10/3/2016,,No,
0000364181,12,8523772,TRU-BLU PARLOR BRITE (GLO-ACID) 4L,CHE,EA,1,1,0,29.84769,13.30927,13.30927,No,Yes,Yes,No,11/3/2016,0,0,,10/3/2016,,No,
0000364181,12,RD589,"FILTER, MILK, 2 1/4"" X 24"" 100/BOX",ROG,BOX,1,1,0,29.25,15.48287,15.48197,No,Yes,Yes,No,11/3/2016,0,0,,10/3/2016,,No,
0000364031,00,X,"Plastic Planking 24ft x 10""",,,15,15,0,24,17,17,No,Yes,Yes,Yes,7/3/2016,0,0,,9/3/2016,,No,
0000364103,12,RD589,"FILTER, MILK, 2 1/4"" X 24"" 100/BOX",ROG,BOX,1,1,0,29.25,15.48287,15.48197,No,Yes,Yes,No,4/3/2016,0,0,,1/3/2016,,No,
0000364103,12,8523381,BROWN PAPER TOWELS 4000/CS 1-PLY,BOU,EA,1,1,0,53.35,39.162,39.162,No,Yes,Yes,No,4/3/2016,0,0,W,1/3/2016,,No,
0000364103,12,V34605-L,"GLOVE, DISPOSABLE BLACK NITRILE,4.5MIL, LGE (BOX/100)",MIS,EA,1,1,0,13.5,7.10932,7.10932,No,Yes,Yes,No,4/3/2016,0,0,XF112,1/3/2016,,No,
0000364103,12,V34605-M,"GLOVE, DISPOSABLE BLACK NITRILE, 4.5MIL, MED (BOX/100)",MIS,EA,1,1,0,13.5,7.12636,7.12636,No,Yes,Yes,No,4/3/2016,0,0,XF113,1/3/2016,,No,
0000364109,12,8525000,"TOWEL, K&D XL, 1100/RFL, 2 REFILLS/CASE",CHE,CS,2,2,0,108.01,62.76,62.76,No,Yes,Yes,No,14/3/2016,0,0,,11/3/2016,,No,
0000364119,12,8523179,SANITIZING CHLORINE PER LITRE,CHE,LT,20,20,0,0.835,0.25,0.25,No,Yes,Yes,No,4/3/2016,0,0,,2/3/2016,,No,
0000364119,12,RD589,"FILTER, MILK, 2 1/4"" X 24"" 100/BOX",ROG,BOX,1,1,0,29.25,15.48287,15.48197,No,Yes,Yes,No,4/3/2016,0,0,,2/3/2016,,No,
0000364097,12,8523512,BOVI-KOTE D IODINE TEAT DIP 18.9L,CHE,EA,1,1,0,208.5,93,92.98339,No,Yes,Yes,No,4/3/2016,0,0,LS,1/3/2016,,No,
0000364097,12,RD589,"FILTER, MILK, 2 1/4"" X 24"" 100/BOX",ROG,BOX,1,1,0,29.25,15.48287,15.48197,No,Yes,Yes,No,4/3/2016,0,0,,1/3/2016,,No,
0000364097,12,V34605-L,"GLOVE, DISPOSABLE BLACK NITRILE,4.5MIL, LGE (BOX/100)",MIS,EA,1,1,0,13.5,7.10932,7.10932,No,Yes,Yes,No,4/3/2016,0,0,XF112,1/3/2016,,No,
0000364094,12,8507905,"GASKET,TRI-CLAMP,1.5""",ROG,EA,10,10,0,2,0.40243,0.40063,No,Yes,Yes,No,4/3/2016,0,0,XH132,1/3/2016,,No,
0000364094,12,8524209,CHALLENGE HD LIQ. CLNR PER LITRE,CHE,LT,20,20,0,2.95,1.274,1.274,No,Yes,Yes,No,4/3/2016,0,0,,1/3/2016,,No,
0000364094,12,8523381,BROWN PAPER TOWELS 4000/CS 1-PLY,BOU,EA,1,1,0,53.35,39.162,39.162,No,Yes,Yes,No,4/3/2016,0,0,W,1/3/2016,,No,
0000364094,12,8523772,TRU-BLU PARLOR BRITE (GLO-ACID) 4L,CHE,EA,1,1,0,29.84769,13.30927,13.13544,No,Yes,Yes,No,4/3/2016,0,0,,1/3/2016,,No,
0000364202,,,Customer Pick-up helped by Adam,,,0,0,0,0,0,0,No,No,No,No,7/3/2016,0,0,J,7/3/2016,Customer Pick-up helped by Adam,No,
0000364202,00,8570912,"PLUG,TEATCUP,PLSTC",BOU,EA,4,4,0,11.05,4.38,4.04336,No,Yes,Yes,No,7/3/2016,0,0,XF242,7/3/2016,,No,
0000364202,00,8591628,"HOSE, PLASTIC, MILK,.62 ID 5/8""",BOU,FT,7,7,0,4.8,1.612,1.609,No,Yes,Yes,No,7/3/2016,0,0,WC,7/3/2016,,No,
0000364107,12,8524304,"ENVIROGUARD DEFENDER, 56.8 L",CHE,EA,1,1,0,269.99026,102,101.93806,No,Yes,Yes,No,14/3/2016,0,0,,11/3/2016,,No,
0000364107,12,8523381,BROWN PAPER TOWELS 4000/CS 1-PLY,BOU,EA,2,2,0,53.35,39.162,39.162,No,Yes,Yes,No,14/3/2016,0,0,W,11/3/2016,,No,
0000364121,12,BR-4884,"DETERGENT, EXP ROBOT 18.9L",CHE,EA,2,2,0,95.00882,37.69,37.69,No,Yes,Yes,No,4/3/2016,0,0,W,3/3/2016,,No,
0000364210,,,Drain leaking under reciever jar in Robot 1  - Replaced valve seat,,,0,0,0,0,0,0,No,No,No,No,14/3/2016,0,0,J,14/3/2016,Drain leaking under reciever jar in Robot 1  - Replaced valve seat,No,
0000364210,00,8511971,"SEAT,DRAIN VALVE",BOU,EA,1,1,0,82.85,26.43,25.94424,No,Yes,Yes,No,14/3/2016,0,0,XF533,14/3/2016,,No,
0000364210,00,S-CALL-A,AFTER HOURS SERVICE CALL,,EA,1,1,0,56,0,0,No,Yes,Yes,No,14/3/2016,0,0,,14/3/2016,,No,
0000364210,00,LABOUR-A,AFTER HOUR LABOUR RATE,LAB,HR,0.5,0.5,0,90,0,0,No,Yes,No,No,14/3/2016,0,0,,14/3/2016,,No,
0000364210,,,Mark D Sun Mar 13/16,,,0,0,0,0,0,0,No,No,No,No,14/3/2016,0,0,J,14/3/2016,Mark D Sun Mar 13/16,No,
0000364148,12,8502332,"PLUG,INT,RBR,FILTER",BOU,EA,1,1,0,29,4.58445,4.58445,No,Yes,Yes,No,8/3/2016,0,0,A,8/3/2016,,No,
0000364148,12,8523512,BOVI-KOTE D IODINE TEAT DIP 18.9L,CHE,EA,1,1,0,208.5,93,92.9845,No,Yes,Yes,No,8/3/2016,0,0,LS,8/3/2016,,No,
0000364148,12,8523381,BROWN PAPER TOWELS 4000/CS 1-PLY,BOU,EA,1,1,0,53.35,39.162,39.162,No,Yes,Yes,No,8/3/2016,0,0,W,8/3/2016,,No,
0000364101,12,8523512,BOVI-KOTE D IODINE TEAT DIP 18.9L,CHE,EA,1,1,0,208.5,93,92.98339,No,Yes,Yes,No,4/3/2016,0,0,LS,1/3/2016,,No,
0000364098,12,8587560,"LINER, MAGNUM 500M, VENTED (8514981)(s)",INF,EA,16,16,0,7.9,4.67381,4.6738,No,Yes,Yes,No,4/3/2016,0,0,WB222,1/3/2016,,No,
0000364098,12,8523316-1,DIHEXAMIN UDDERWASH 3.78L/1 GAL,CHE,EA,1,1,0,29.6,16.88,16.88,No,Yes,Yes,No,4/3/2016,0,0,WB,1/3/2016,,No,
0000364102,12,8523179,SANITIZING CHLORINE PER LITRE,CHE,LT,20,20,0,0.835,0.25,0.25,No,Yes,Yes,No,4/3/2016,0,0,,1/3/2016,,No,
0000364182,00,WA-SS1/4X21/2,"CURVY, SS DRIVE ANCHOR, 1/4"" X 2 1/2""",STA,EA,-500,-500,0,0.8,0.64,0.63779,No,Yes,Yes,No,15/3/2016,0,0,SHOP,13/3/2016,,No,
0000364182,,,returned,,,0,0,0,0,0,0,No,No,No,No,15/3/2016,0,0,,13/3/2016,returned,No,
0000364151,12,8130600,"TEAT, BOTTLE, REPLACEMENT, RJB",BOU,EA,1,1,0,9.1,3.00667,3.00667,No,Yes,Yes,No,8/3/2016,0,0,LS,8/3/2016,,No,
0000364151,12,8587560,"LINER, MAGNUM 500M, VENTED (8514981)(s)",INF,EA,24,24,0,7.9,4.67381,4.6738,No,Yes,Yes,No,8/3/2016,0,0,WB222,8/3/2016,,No,
0000364151,12,8524209,CHALLENGE HD LIQ. CLNR PER LITRE,CHE,LT,20,20,0,2.95,1.274,1.274,No,Yes,Yes,No,8/3/2016,0,0,,8/3/2016,,No,
0000364143,12,V34605-L,"GLOVE, DISPOSABLE BLACK NITRILE,4.5MIL, LGE (BOX/100)",MIS,EA,3,3,0,13.5,7.10932,7.10932,No,Yes,Yes,No,8/3/2016,0,0,XF112,8/3/2016,,No,
0000364143,12,V34605-M,"GLOVE, DISPOSABLE BLACK NITRILE, 4.5MIL, MED (BOX/100)",MIS,EA,1,1,0,13.5,7.12636,7.12636,No,Yes,Yes,No,8/3/2016,0,0,XF113,8/3/2016,,No,
0000364143,12,8522223,ACID 40 PER LITRE,CHE,LT,20,20,0,3.55,1.46852,1.46655,No,Yes,Yes,No,8/3/2016,0,0,,8/3/2016,,No,
0000364143,12,8524210,GUARD 100 CONCENTRATED CIP CLNR/LT,CHE,LT,20,20,0,6.89,1.53614,1.50086,No,Yes,Yes,No,8/3/2016,0,0,,8/3/2016,,No,
0000364143,12,8524219,"AQUASOFT, X 1 GAL (4L)",CHE,EA,1,1,0,24,11.89358,11.95897,No,Yes,Yes,No,8/3/2016,0,0,FRT,8/3/2016,,No,
0000364143,12,RD589,"FILTER, MILK, 2 1/4"" X 24"" 100/BOX",ROG,BOX,1,1,0,29.25,15.48287,15.48197,No,Yes,Yes,No,8/3/2016,0,0,,8/3/2016,,No,
0000364143,12,8524361,BOVITEC 18.9L,CHE,EA,1,1,0,95.70387,52,51.98769,No,Yes,Yes,No,8/3/2016,0,0,W,8/3/2016,,No,
0000364156,12,8524362,BOVITEC 56.8L,CHE,EA,1,1,0,260,139.74886,139.74886,No,Yes,Yes,No,9/3/2016,0,0,W,9/3/2016,,No,
0000364156,12,8523512,BOVI-KOTE D IODINE TEAT DIP 18.9L,CHE,EA,1,1,0,208.5,93,92.9845,No,Yes,Yes,No,9/3/2016,0,0,LS,9/3/2016,,No,
0000364165,12,BR-077PFLS0037-R,"HOSE, MILK REAR, SILICONE 172CM",RBT,EA,1,1,0,43.78182,0,0,No,Yes,Yes,No,11/3/2016,0,0,BASMNT,10/3/2016,,No,
0000364165,12,BR-077PFLS0037-F,"HOSE, MILK FRONT, SILICONE 183CM",RBT,EA,1,1,0,46.58182,25.62,12.81,No,Yes,Yes,No,11/3/2016,0,0,BASMNT,10/3/2016,,No,
0000364165,12,8524210,GUARD 100 CONCENTRATED CIP CLNR/LT,CHE,LT,20,20,0,6.89,1.53614,1.50086,No,Yes,Yes,No,11/3/2016,0,0,,10/3/2016,,No,
0000364165,12,8524307,ENVIROGUARD DEFENDER 18.9L,CHE,EA,2,2,0,89.84,38.70625,38.70625,No,Yes,Yes,No,11/3/2016,0,0,W/C,10/3/2016,,No,
0000364162,12,8587560,"LINER, MAGNUM 500M, VENTED (s)",INF,EA,24,24,0,9.1,4.67381,4.6738,No,Yes,Yes,No,11/3/2016,0,0,WB222,10/3/2016,,No,
0000364162,12,MUL-30238,"2"" HEX NUT",MIS,EA,1,1,0,13.89091,6.93657,6.93657,No,Yes,Yes,No,11/3/2016,0,0,XH442,10/3/2016,,No,
0000364144,12,8524209,CHALLENGE HD LIQ. CLNR PER LITRE,CHE,LT,55,55,0,2.95,1.274,1.274,No,Yes,Yes,No,8/3/2016,0,0,,8/3/2016,,No,
0000364144,12,8587560,"LINER, MAGNUM 500M, VENTED (8514981)(s)",INF,EA,20,20,0,7.9,4.67381,4.6738,No,Yes,Yes,No,8/3/2016,0,0,WB222,8/3/2016,,No,
0000364144,12,8524361,BOVITEC 18.9L,CHE,EA,1,1,0,95.70387,52,51.98769,No,Yes,Yes,No,8/3/2016,0,0,W,8/3/2016,,No,
0000364144,12,8523512,BOVI-KOTE D IODINE TEAT DIP 18.9L,CHE,EA,1,1,0,208.5,93,92.9845,No,Yes,Yes,No,8/3/2016,0,0,LS,8/3/2016,,No,
0000364144,12,V34605-M,"GLOVE, DISPOSABLE BLACK NITRILE, 4.5MIL, MED (BOX/100)",MIS,EA,1,1,0,13.5,7.12636,7.12636,No,Yes,Yes,No,8/3/2016,0,0,XF113,8/3/2016,,No,
0000364144,12,V34605-L,"GLOVE, DISPOSABLE BLACK NITRILE,4.5MIL, LGE (BOX/100)",MIS,EA,-1,-1,0,13.5,7.10932,7.10932,No,Yes,Yes,No,8/3/2016,0,0,XF112,8/3/2016,,No,
0000364144,12,RD589,"FILTER, MILK, 2 1/4"" X 24"" 100/BOX",ROG,BOX,1,1,0,29.25,15.48287,15.48197,No,Yes,Yes,No,8/3/2016,0,0,,8/3/2016,,No,
0000364131,12,8523381,BROWN PAPER TOWELS 4000/CS 1-PLY,BOU,EA,1,1,0,53.35,39.162,39.162,No,Yes,Yes,No,4/3/2016,0,0,W,4/3/2016,,No,
0000364131,12,8523316-1,DIHEXAMIN UDDERWASH 3.78L/1 GAL,CHE,EA,1,1,0,29.6,16.88,16.88,No,Yes,Yes,No,4/3/2016,0,0,WB,4/3/2016,,No,
0000364131,12,8523774,TRU-BLU SPARKLE DISH SOAP 4L,CHE,EA,1,1,0,25.15,11.62918,11.56995,No,Yes,Yes,No,4/3/2016,0,0,,4/3/2016,,No,
0000364131,12,8523632,TRU-BLU ULTRA (REPLACES SUPER DIP) 18.9L,CHE,EA,1,1,0,115.4,50.2287,50.24958,No,Yes,Yes,No,4/3/2016,0,0,WB320,4/3/2016,,No,
0000364129,12,8524209,CHALLENGE HD LIQ. CLNR PER LITRE,CHE,LT,55,55,0,2.95,1.274,1.274,No,Yes,Yes,No,4/3/2016,0,0,,4/3/2016,,No,
0000364129,12,8522223,ACID 40 PER LITRE,CHE,LT,20,20,0,3.55,1.46852,1.46655,No,Yes,Yes,No,4/3/2016,0,0,,4/3/2016,,No,
0000364129,12,8523633,TRU-BLU ULTRA (REPLACES SUPER DIP) 56.8L,CHE,EA,1,1,0,313.1,146.90135,146.90135,No,Yes,Yes,No,4/3/2016,0,0,LS,4/3/2016,,No,
0000364205,,,CUSTOMER PICKED UP AT SHOP,,,0,0,0,0,0,0,No,No,No,No,1/3/2016,0,0,J,1/3/2016,CUSTOMER PICKED UP AT SHOP,No,
0000364205,00,DX-16901,"VALVE, DEPEND-O-DRAIN, 2"", 110V, DIVERTER",BOU,EA,1,1,0,224.25,118.92,113.11606,No,Yes,Yes,No,1/3/2016,0,0,XF681,1/3/2016,,No,
0000364205,00,PIP-2AFERNCO,"ABS, FERNCO COUPLING 2""",PIP,EA,2,2,0,10.5,6.52,4.63585,No,Yes,Yes,No,1/3/2016,0,0,XF612,1/3/2016,,No,
0000364205,,,TAKEN CARE OF BY BRYAN SK,,,0,0,0,0,0,0,No,No,No,No,1/3/2016,0,0,,1/3/2016,TAKEN CARE OF BY BRYAN SK,No,
0000364120,12,8524209,CHALLENGE HD LIQ. CLNR PER LITRE,CHE,LT,55,55,0,2.95,1.274,1.274,No,Yes,Yes,No,4/3/2016,0,0,,3/3/2016,,No,
0000364120,12,8523316-1,DIHEXAMIN UDDERWASH 3.78L/1 GAL,CHE,EA,1,1,0,29.6,16.88,16.88,No,Yes,Yes,No,4/3/2016,0,0,WB,3/3/2016,,No,
0000364120,12,8523632,TRU-BLU ULTRA (REPLACES SUPER DIP) 18.9L,CHE,EA,1,1,0,115.4,50.2287,50.24958,No,Yes,Yes,No,4/3/2016,0,0,WB320,3/3/2016,,No,
0000364192,00,GOAT-D381997TX2,"LINER, GOAT SILICONE, BGM **(2/PKG)**",INF,PKG,5,5,0,55,32.42939,32.42939,No,Yes,No,No,4/3/2016,0,0,WA010,4/3/2016,,No,
0000364192,,,Ordered verbally by Chris advised they will pick up early next week.MP,,,0,0,0,0,0,0,No,No,No,No,4/3/2016,0,0,,4/3/2016,Ordered verbally by Chris advised they will pick up early next week.MP,No,
0000364204,,,picked up by Tom Mar.01.16 helped by Adam,,,0,0,0,0,0,0,No,No,No,No,1/3/2016,0,0,J,1/3/2016,picked up by Tom Mar.01.16 helped by Adam,No,
0000364204,00,CR-BRUSHYEL,"BRUSH, 9"" SANIFUSE, SHORT GONG",MIS,EA,1,1,0,13.44,6.723,6.691,No,Yes,Yes,No,1/3/2016,0,0,SHWRM,1/3/2016,,No,
0000364204,00,8522868,DYNAMINT UDDER CREAM 500ML,CHE,EA,1,1,0,20.2,16.98,14.58115,No,Yes,Yes,No,1/3/2016,0,0,WC130,1/3/2016,,No,
0000364155,12,8524210,GUARD 100 CONCENTRATED CIP CLNR/LT,CHE,LT,20,20,0,6.89,1.53614,1.50086,No,Yes,Yes,No,9/3/2016,0,0,,9/3/2016,,No,
0000364155,12,8523814,ACID 60 PER LITRE,CHE,LT,20,20,0,5.3,2.17638,2.13654,No,Yes,Yes,No,9/3/2016,0,0,,9/3/2016,,No,
0000364177,12,SMB-EZN-968,"CALF BOTTLE, SNAP ON EZ NURSE, 3QT",MIS,EA,2,2,0,8,4.8,4.8,No,Yes,Yes,No,4/3/2016,0,0,SHOWROOM,3/3/2016,,No,
0000364177,12,BR-4884,"DETERGENT, EXP ROBOT 18.9L",CHE,EA,2,2,0,95.00882,37.69,37.69,No,Yes,Yes,No,4/3/2016,0,0,W,3/3/2016,,No,
0000364177,12,8522703,ACID-GUARD S CONCENTRATED ACID PER LITRE,CHE,LT,20,20,0,7.98,3.2988,3.29041,No,Yes,Yes,No,4/3/2016,0,0,W,3/3/2016,,No,
0000364177,12,8522223,ACID 40 PER LITRE,CHE,LT,20,20,0,3.55,1.46852,1.46655,No,Yes,Yes,No,4/3/2016,0,0,,3/3/2016,,No,
0000364177,12,8524307,ENVIROGUARD DEFENDER 18.9L,CHE,EA,2,2,0,89.84,38.70625,38.70625,No,Yes,Yes,No,4/3/2016,0,0,W/C,3/3/2016,,No,
0000364134,12,SMB-200-223,CALF BOTTLE NIPPLE ONLY RED,MIS,EA,2,2,0,4.19,3.31229,3.31229,No,Yes,Yes,No,4/3/2016,0,0,ROUTE TRUCK,4/3/2016,,No,
0000364216,,,Cost to modify cup guides with SS inserts,,,0,0,0,0,0,0,No,No,No,No,14/3/2016,0,0,J,4/3/2016,Cost to modify cup guides with SS inserts,No,
0000364216,00,X,Modification cost,,,4,4,0,55,53.34,53.34,No,Yes,Yes,Yes,14/3/2016,0,0,,4/3/2016,,No,
0000364128,12,8524304,"ENVIROGUARD DEFENDER, 56.8 L",CHE,EA,1,1,0,269.99026,102,101.93806,No,Yes,Yes,No,4/3/2016,0,0,,4/3/2016,,No,
0000364128,12,8524209,CHALLENGE HD LIQ. CLNR PER LITRE,CHE,LT,55,55,0,2.95,1.274,1.274,No,Yes,Yes,No,4/3/2016,0,0,,4/3/2016,,No,
0000364128,12,8522703,ACID-GUARD S CONCENTRATED ACID PER LITRE,CHE,LT,55,55,0,7.98,3.2988,3.29041,No,Yes,Yes,No,4/3/2016,0,0,W,4/3/2016,,No,
0000364128,12,8587560,"LINER, MAGNUM 500M, VENTED (8514981)(s)",INF,EA,80,80,0,7.9,4.67381,4.6738,No,Yes,Yes,No,4/3/2016,0,0,WB222,4/3/2016,,No,
0000364128,12,R-RMT777,"CALF TEAT, PINK",ROG,EA,4,4,0,6.55,3.43638,3.43718,No,Yes,Yes,No,4/3/2016,0,0,FRT,4/3/2016,,No,
0000364190,,,DELIVERY,,,0,0,0,0,0,0,No,No,No,No,8/3/2016,0,0,J,8/3/2016,DELIVERY,No,
0000364190,00,8516999,"HOSE, POLY NAT, 1/4 ID X 100FT",BOU,FT,18,18,0,0.95,0.26,0.26214,No,Yes,Yes,No,8/3/2016,0,0,WC,8/3/2016,,No,
0000364190,,,"DELIVERED ON MAR 2, 2016 BY ED M (N/CH)",,,0,0,0,0,0,0,No,No,No,No,8/3/2016,0,0,,8/3/2016,"DELIVERED ON MAR 2, 2016 BY ED M (N/CH)",No,
0000364034,12,8523513,BOVI-KOTE D IODINE TEAT DIP 56.8L,CHE,EA,1,1,0,558.9,269.89524,269.89524,No,Yes,Yes,No,9/3/2016,0,0,LS,9/3/2016,,No,
0000364034,12,8524210,GUARD 100 CONCENTRATED CIP CLNR/LT,CHE,LT,55,55,0,6.89,1.53614,0.87902,No,Yes,Yes,No,9/3/2016,0,0,,9/3/2016,,No,
0000364034,12,8587560,"LINER, MAGNUM 500M, VENTED (8514981)(s)",INF,EA,64,64,0,7.9,4.67381,4.67341,No,Yes,Yes,No,9/3/2016,0,0,WB222,9/3/2016,,No,
0000364034,12,8524502,"HYDROGEN PEROXIDE,  35% 55L",CHE,EA,1,1,0,99,0.84501,17.06926,No,Yes,Yes,No,9/3/2016,0,0,W,9/3/2016,,No,
0000364034,12,DEPOSIT55,CARBOY DEPOSIT - 55 L,,EA,1,1,0,25,25,25,No,Yes,Yes,No,9/3/2016,0,0,W,9/3/2016,,No,
0000364034,12,8524037,"BEDCIDE, 25 KG",CHE,EA,1,1,0,58.00363,48.20375,48.20375,No,Yes,Yes,No,9/3/2016,0,0,LS,9/3/2016,,No,
0000364034,12,DEPOSIT55,CARBOY DEPOSIT - 55 L,,EA,-2,-2,0,25,25,25,No,Yes,Yes,No,9/3/2016,0,0,W,9/3/2016,,No,
0000364035,12,8523513,BOVI-KOTE D IODINE TEAT DIP 56.8L,CHE,EA,-1,-1,0,558.9,269.89524,269.89524,No,Yes,Yes,No,9/3/2016,0,0,LS,9/3/2016,,No,
0000364035,12,8524210,GUARD 100 CONCENTRATED CIP CLNR/LT,CHE,LT,-55,-55,0,6.89,0.87902,0.87902,No,Yes,Yes,No,9/3/2016,0,0,,9/3/2016,,No,
0000364035,12,8587560,"LINER, MAGNUM 500M, VENTED (8514981)(s)",INF,EA,-64,-64,0,7.9,4.67341,4.67341,No,Yes,Yes,No,9/3/2016,0,0,WB222,9/3/2016,,No,
0000364035,12,8524502,"HYDROGEN PEROXIDE,  35% 55L",CHE,EA,-1,-1,0,99,17.06926,17.06926,No,Yes,Yes,No,9/3/2016,0,0,W,9/3/2016,,No,
0000364035,12,DEPOSIT55,CARBOY DEPOSIT - 55 L,,EA,-1,-1,0,25,25,25,No,Yes,Yes,No,9/3/2016,0,0,W,9/3/2016,,No,
0000364035,12,8524037,"BEDCIDE, 25 KG",CHE,EA,-1,-1,0,58.00363,48.20375,48.20375,No,Yes,Yes,No,9/3/2016,0,0,LS,9/3/2016,,No,
0000364035,12,DEPOSIT55,CARBOY DEPOSIT - 55 L,,EA,2,2,0,25,25,25,No,Yes,Yes,No,9/3/2016,0,0,W,9/3/2016,,No,
0000364154,12,8524210,GUARD 100 CONCENTRATED CIP CLNR/LT,CHE,LT,55,55,0,6.89,1.53614,1.50086,No,Yes,Yes,No,9/3/2016,0,0,,9/3/2016,,No,
0000364154,12,RD572,"FILTER, MILK, 3"" X 23 3/8"" 100/BOX",ROG,EA,1,1,0,45,21.23,21.00482,No,Yes,Yes,No,9/3/2016,0,0,,9/3/2016,,No,
0000364154,12,8523316-1,DIHEXAMIN UDDERWASH 3.78L/1 GAL,CHE,EA,1,1,0,29.6,16.88,16.88,No,Yes,Yes,No,9/3/2016,0,0,WB,9/3/2016,,No,
0000364219,07,8519140,"SWITCH,TOGGLE,DPDT ON-OFF-ON BLADE",BOU,EA,1,1,0,86.05,11.33,11.33,No,Yes,Yes,No,10/3/2016,0,0,A4,10/3/2016,,No,
0000364116,12,8523381,BROWN PAPER TOWELS 4000/CS 1-PLY,BOU,EA,1,1,0,53.35,39.162,39.162,No,Yes,Yes,No,4/3/2016,0,0,W,2/3/2016,,No,
0000364116,12,RD589,"FILTER, MILK, 2 1/4"" X 24"" 100/BOX",ROG,BOX,1,1,0,29.25,15.48287,15.48197,No,Yes,Yes,No,4/3/2016,0,0,,2/3/2016,,No,
0000364116,12,8523772,TRU-BLU PARLOR BRITE (GLO-ACID) 4L,CHE,EA,1,1,0,29.84769,13.30927,13.13544,No,Yes,Yes,No,4/3/2016,0,0,,2/3/2016,,No,
0000364116,12,8587560,"LINER, MAGNUM 500M, VENTED (8514981)(s)",INF,EA,32,32,0,7.9,4.67381,4.6738,No,Yes,Yes,No,4/3/2016,0,0,WB222,2/3/2016,,No,
0000364159,12,8524210,GUARD 100 CONCENTRATED CIP CLNR/LT,CHE,LT,55,55,0,6.89,1.53614,1.50086,No,Yes,Yes,No,9/3/2016,0,0,,9/3/2016,,No,
0000364159,12,8523179,SANITIZING CHLORINE PER LITRE,CHE,LT,55,55,0,0.835,0.25,0.25,No,Yes,Yes,No,9/3/2016,0,0,,9/3/2016,,No,
0000364183,,,Pick-up By Andrew ,,,,,,,,,,,,,,,,,,,,
Helped by Adam,,,          0.00000,          0.00000,          0.00000,0,0,0,No,No,No,No,2016/03/14,   0.0000,             0.00,,14/3/2016,Pick-up By Andrew  Helped by Adam,No,,,,
0000364183,00,8514721,"JETTER Y, CLAW, PLASTIC",ROG,EA,3,3,0,13.95,2.29,2,No,Yes,Yes,No,14/3/2016,0,0,XF424,14/3/2016,,No,
0000364183,00,8523771,TRU-BLU LIQUID LAUNDRY 4L,CHE,EA,1,1,0,18.70132,10.66,10.68646,No,Yes,Yes,No,14/3/2016,0,0,WC131,14/3/2016,,No,
0000364198,00,NS,CAP,,,1,1,0,31.04,31.04,31.04,No,Yes,Yes,Yes,8/3/2016,0,0,,8/3/2016,,No,
0000364139,12,8522703,ACID-GUARD S CONCENTRATED ACID PER LITRE,CHE,LT,20,20,0,7.98,3.2988,3.29041,No,Yes,Yes,No,8/3/2016,0,0,W,7/3/2016,,No,
0000364139,12,8524209,CHALLENGE HD LIQ. CLNR PER LITRE,CHE,LT,55,55,0,2.95,1.274,1.274,No,Yes,Yes,No,8/3/2016,0,0,,7/3/2016,,No,
0000364139,12,8523381,BROWN PAPER TOWELS 4000/CS 1-PLY,BOU,EA,1,1,0,53.35,39.162,39.162,No,Yes,Yes,No,8/3/2016,0,0,W,7/3/2016,,No,
0000364161,12,8523381,BROWN PAPER TOWELS 4000/CS 1-PLY,BOU,EA,1,1,0,53.35,39.162,39.162,No,Yes,Yes,No,11/3/2016,0,0,W,10/3/2016,,No,
0000364161,12,8523316-1,DIHEXAMIN UDDERWASH 3.78L/1 GAL,CHE,EA,2,2,0,29.6,16.88,16.88,No,Yes,Yes,No,11/3/2016,0,0,WB,10/3/2016,,No,
0000364161,12,RD589,"FILTER, MILK, 2 1/4"" X 24"" 100/BOX",ROG,BOX,1,1,0,29.25,15.48287,15.48197,No,Yes,Yes,No,11/3/2016,0,0,,10/3/2016,,No,
0000364161,12,8523632,TRU-BLU ULTRA (REPLACES SUPER DIP) 18.9L,CHE,EA,1,1,0,115.4,50.2287,50.24958,No,Yes,Yes,No,11/3/2016,0,0,WB320,10/3/2016,,No,
0000364158,12,8524362,BOVITEC 56.8L,CHE,EA,1,1,0,260,139.74886,139.74886,No,Yes,Yes,No,9/3/2016,0,0,W,9/3/2016,,No,
0000364158,12,8523513,BOVI-KOTE D IODINE TEAT DIP 56.8L,CHE,EA,1,1,0,558.9,269.89524,269.89524,No,Yes,Yes,No,9/3/2016,0,0,LS,9/3/2016,,No,
0000364158,12,RD589,"FILTER, MILK, 2 1/4"" X 24"" 100/BOX",ROG,BOX,1,1,0,29.25,15.48287,15.48197,No,Yes,Yes,No,9/3/2016,0,0,,9/3/2016,,No,
0000364158,12,8523381,BROWN PAPER TOWELS 4000/CS 1-PLY,BOU,EA,1,1,0,53.35,39.162,39.162,No,Yes,Yes,No,9/3/2016,0,0,W,9/3/2016,,No,
0000364149,12,8524304,"ENVIROGUARD DEFENDER, 56.8 L",CHE,EA,1,1,0,269.99026,102,101.93806,No,Yes,Yes,No,8/3/2016,0,0,,8/3/2016,,No,
0000364149,12,8522223,ACID 40 PER LITRE,CHE,LT,55,55,0,3.55,1.46852,1.46655,No,Yes,Yes,No,8/3/2016,0,0,,8/3/2016,,No,
0000364029,,,"Check/ test wash, repair flap, check shocker",,,0,0,0,0,0,0,No,No,No,No,1/3/2016,0,0,J,1/3/2016,"Check/ test wash, repair flap, check shocker",No,
0000364029,00,BR-070600620,ROD EYE M6 PLASTIC,RBT,EA,1,1,0,9.54545,5.25,5.25,No,Yes,Yes,No,1/3/2016,0,0,B1BIN,1/3/2016,,No,
0000364029,00,LABOUR-WARR,WARRANTY LABOUR - Mike K,LAB,HR,2.75,2.75,0,0,0,0,No,Yes,Yes,No,1/3/2016,0,0,,1/3/2016,,No,
0000364029,00,LABOUR-WARR,WARRANTY LABOUR - Mark D,LAB,HR,3.16,3.16,0,0,0,0,No,Yes,Yes,No,1/3/2016,0,0,,1/3/2016,,No,
0000364029,00,WARR-ROB,WARRANTY PARTS CREDIT - ROBOT,,EA,1,1,0,-9.54545,79.54,136.75333,No,Yes,Yes,No,1/3/2016,0,0,,1/3/2016,,No,
0000364029,,,"Check wash, replace flap rodeye part, chem dillution, check pump calibration, ch",,,0,0,0,0,0,0,No,No,No,No,1/3/2016,0,0,,1/3/2016,"Check wash, replace flap rodeye part, chem dillution, check pump calibration, check water temp, fixed moisture trap/ overflow above milk reciever jar that was not washing properly ",No,
0000364115,12,8524110,"ACTIVE OXY C, 56.8L",CHE,EA,1,1,0,194.78261,86,86,No,Yes,Yes,No,4/3/2016,0,0,W,2/3/2016,,No,
0000364115,12,BR-4884,"DETERGENT, EXP ROBOT 18.9L",CHE,EA,1,1,0,95.00882,37.69,37.69,No,Yes,Yes,No,4/3/2016,0,0,W,2/3/2016,,No,
0000364115,12,BR-077PFLS0037-F,"HOSE, MILK FRONT, SILICONE 183CM",RBT,EA,1,1,0,46.58182,25.62,12.81,No,Yes,Yes,No,4/3/2016,0,0,BASMNT,2/3/2016,,No,
0000364115,12,BR-077PFLS0037-R,"HOSE, MILK REAR, SILICONE 172CM",RBT,EA,1,1,0,43.78182,0,0,No,Yes,Yes,No,4/3/2016,0,0,BASMNT,2/3/2016,,No,
0000364218,,,High bacteria - shocked robot wash system,,,0,0,0,0,0,0,No,No,No,No,14/3/2016,0,0,J,7/3/2016,High bacteria - shocked robot wash system ,No,
0000364218,00,8523929,"SYSTEM SHOCK, CIP BOOSTER    ***PER LITRE***",CHE,L,2,2,0,15.28208,5.35556,5.35556,No,Yes,Yes,No,14/3/2016,0,0,WF,7/3/2016,,No,
0000364218,00,LAB-MD,MARK DENTOOM,LAB,HR,0.5,0.5,0,68,0,0,No,Yes,Yes,No,14/3/2016,0,0,,7/3/2016,,No,
0000364218,,,Mark D - Mar 7/16,,,0,0,0,0,0,0,No,No,No,No,14/3/2016,0,0,,7/3/2016,Mark D - Mar 7/16,No,
0000364212,,,Delivered Mike K Mar 9/16,,,0,0,0,0,0,0,No,No,No,No,14/3/2016,0,0,J,9/3/2016,Delivered Mike K Mar 9/16,No,
0000364212,00,3554355,"TAG,NUMBER,NECK.(SHARK FIN)",BOU,EA,10,10,0,13.1,4.25,3.82482,No,Yes,Yes,No,14/3/2016,0,0,XG272,9/3/2016,,No,
0000364137,12,8524209,CHALLENGE HD LIQ. CLNR PER LITRE,CHE,LT,20,20,0,2.95,1.274,1.274,No,Yes,Yes,No,8/3/2016,0,0,,7/3/2016,,No,
0000364113,12,8524209,CHALLENGE HD LIQ. CLNR PER LITRE,CHE,LT,20,20,0,2.95,1.274,1.274,No,Yes,Yes,No,14/3/2016,0,0,,11/3/2016,,No,
0000364113,12,8522223,ACID 40 PER LITRE,CHE,LT,20,20,0,3.55,1.46852,1.46655,No,Yes,Yes,No,14/3/2016,0,0,,11/3/2016,,No,
0000364206,,,CUSTOMER PICKED UP AT SHOP,,,0,0,0,0,0,0,No,No,No,No,2/3/2016,0,0,J,2/3/2016,CUSTOMER PICKED UP AT SHOP,No,
0000364206,00,3556275,"VALVE, SOLENOID, METER",BOU,EA,1,1,0,221.05,96.53,93.20464,No,Yes,Yes,No,2/3/2016,0,0,XG242,2/3/2016,,No,
0000364206,00,3558387,"OUTLET ASSY, METER, PERFECTION",BOU,EA,1,1,0,720.85,319.5,308.42774,No,Yes,Yes,No,2/3/2016,0,0,XG211,2/3/2016,,No,
0000364206,00,8500890,"O-RING, TAB, 4"" FILTER",ROG,EA,1,1,0,18.6,5.1,5.12836,No,Yes,Yes,No,2/3/2016,0,0,XF434,2/3/2016,,No,
0000364206,,,TAKEN CARE OF BY BRYAN SK,,,0,0,0,0,0,0,No,No,No,No,2/3/2016,0,0,,2/3/2016,TAKEN CARE OF BY BRYAN SK,No,
0000364188,,,GUARD FOR FOOTBATH,,,0,0,0,0,0,0,No,No,No,No,4/3/2016,0,0,J,4/3/2016,GUARD FOR FOOTBATH,No,
0000364188,00,X,"STAINLESS STEEL SHROUD (8"" X 5"" X 14"")",,,1,1,0,30,15,15,No,Yes,Yes,Yes,4/3/2016,0,0,,4/3/2016,,No,
0000364188,,,"DELIVERD BY RANDY (MAR 4, 2016)",,,0,0,0,0,0,0,No,No,No,No,4/3/2016,0,0,,4/3/2016,"DELIVERD BY RANDY (MAR 4, 2016)",No,
0000364110,12,8523179,SANITIZING CHLORINE PER LITRE,CHE,LT,20,20,0,0.835,0.25,0.25,No,Yes,Yes,No,14/3/2016,0,0,,11/3/2016,,No,
0000364110,12,8523814,ACID 60 PER LITRE,CHE,LT,55,55,0,5.3,2.17638,2.13654,No,Yes,Yes,No,14/3/2016,0,0,,11/3/2016,,No,
0000364110,12,8523601,"SANICLOTH, DAIRY TOWEL LAUNDRY SOAP 55L",CHE,EA,1,1,0,168.00495,94.99,94.99,No,Yes,Yes,No,14/3/2016,0,0,WC142,11/3/2016,,No,
0000364110,12,8523772,TRU-BLU PARLOR BRITE (GLO-ACID) 4L,CHE,EA,1,1,0,29.84769,13.30927,13.13544,No,Yes,Yes,No,14/3/2016,0,0,,11/3/2016,,No,
0000364110,12,8524512,FORMALDEHYDE 205L,CHE,EA,1,1,0,429.19481,208.08,208.08,No,Yes,Yes,No,14/3/2016,0,0,WF,11/3/2016,,No,
0000364110,12,DEPOSIT,DRUM DEPOSIT - 208L,,EA,1,1,0,65,65,65,No,Yes,Yes,No,14/3/2016,0,0,CUSTOMER,11/3/2016,,No,
0000364110,00,DEPOSIT-RET,DRUM DEPOSIT CREDIT FOR***EMPTY RETURNED*** - 208L,,EA,-1,-1,0,-65,-65,-65,No,Yes,Yes,No,14/3/2016,0,0,,11/3/2016,,No,
0000364111,12,8524210,GUARD 100 CONCENTRATED CIP CLNR/LT,CHE,LT,20,20,0,6.89,1.53614,1.50086,No,Yes,Yes,No,14/3/2016,0,0,,11/3/2016,,No,
0000364111,12,8523774,TRU-BLU SPARKLE DISH SOAP 4L,CHE,EA,2,2,0,25.15,11.62918,11.56995,No,Yes,Yes,No,14/3/2016,0,0,,11/3/2016,,No,
0000364147,12,8587560,"LINER, MAGNUM 500M, VENTED (8514981)(s)",INF,EA,16,16,0,7.9,4.67381,4.6738,No,Yes,Yes,No,8/3/2016,0,0,WB222,8/3/2016,,No,
0000364099,12,8524209,CHALLENGE HD LIQ. CLNR PER LITRE,CHE,LT,20,20,0,2.95,1.274,1.274,No,Yes,Yes,No,4/3/2016,0,0,,1/3/2016,,No,
0000364099,12,8522223,ACID 40 PER LITRE,CHE,LT,20,20,0,3.55,1.46852,1.46655,No,Yes,Yes,No,4/3/2016,0,0,,1/3/2016,,No,
0000364099,12,8523772,TRU-BLU PARLOR BRITE (GLO-ACID) 4L,CHE,EA,1,1,0,29.84769,13.30927,13.13544,No,Yes,Yes,No,4/3/2016,0,0,,1/3/2016,,No,
0000364099,12,RD589,"FILTER, MILK, 2 1/4"" X 24"" 100/BOX",ROG,BOX,1,1,0,29.25,15.48287,15.48197,No,Yes,Yes,No,4/3/2016,0,0,,1/3/2016,,No,
0000364099,12,CR-588,"BROOM, 24"" W/ 2 ROWS",MIS,EA,1,1,0,18.49949,10.84,10.84,No,Yes,Yes,No,4/3/2016,0,0,SHWRM,1/3/2016,,No,
0000364171,12,8524209,CHALLENGE HD LIQ. CLNR PER LITRE,CHE,LT,20,20,0,2.95,1.274,1.274,No,Yes,Yes,No,15/3/2016,0,0,,14/3/2016,,No,
0000364171,12,8587560,"LINER, MAGNUM 500M, VENTED (s)",INF,EA,16,16,0,9.1,4.6738,4.6738,No,Yes,Yes,No,15/3/2016,0,0,WB222,14/3/2016,,No,
0000364171,12,RD588,"FILTER, MILK, 2"" X 24"" 100/BOX",ROG,BOX,1,1,0,27.05,13.78555,13.76937,No,Yes,Yes,No,15/3/2016,0,0,,14/3/2016,,No,
0000364171,12,DEPOSIT-RET55,CARBOY DEPOSIT CREDIT FOR ***EMPTY RETURNED*** - 55L,,EA,-1,-1,0,-25,-25,-25,No,Yes,Yes,No,15/3/2016,0,0,,14/3/2016,,No,
0000364171,12,TAIL TIE-SMALL,"SMALL TAIL TIE CORD 1/8""",MIS,FT,500,500,0,0.3,0.15356,0.15356,No,Yes,Yes,No,15/3/2016,0,0,XE239,14/3/2016,,No,
0000364171,12,SCRAPER,MANURE SCRAPER (BLUE),MIS,EA,1,1,0,14.75,9.81724,9.81724,No,Yes,Yes,No,15/3/2016,0,0,FRT,14/3/2016,,No,
0000364171,12,CR-18H,"HANDLE WOODEN TAPERED, 72""",MIS,EA,2,2,0,8.35392,7.74,7.53125,No,Yes,Yes,No,15/3/2016,0,0,SHWRM,14/3/2016,,No,
0000364132,12,V34605-L,"GLOVE, DISPOSABLE BLACK NITRILE,4.5MIL, LGE (BOX/100)",MIS,EA,2,2,0,13.5,7.10932,7.10932,No,Yes,Yes,No,4/3/2016,0,0,XF112,4/3/2016,,No,
0000364132,12,SMB-06516-BLUE,"SCRAPPER RAKE, BLUE W/72"" HANDLE",MIS,EA,1,1,0,27.947,20.96,20.96,No,Yes,Yes,No,4/3/2016,0,0,SHOWROOM,4/3/2016,,No,
0000364178,12,8524210,GUARD 100 CONCENTRATED CIP CLNR/LT,CHE,LT,55,55,0,6.89,1.53614,1.50086,No,Yes,Yes,No,4/3/2016,0,0,,3/3/2016,,No,
0000364178,12,8524362,BOVITEC 56.8L,CHE,EA,1,1,0,260,139.74886,139.74886,No,Yes,Yes,No,4/3/2016,0,0,W,3/3/2016,,No,
0000364178,12,V34605-L,"GLOVE, DISPOSABLE BLACK NITRILE,4.5MIL, LGE (BOX/100)",MIS,EA,10,10,0,13.5,7.10932,7.10932,No,Yes,Yes,No,4/3/2016,0,0,XF112,3/3/2016,,No,
0000364178,12,RD572,"FILTER, MILK, 3"" X 23 3/8"" 100/BOX",ROG,EA,1,1,0,45,21.23,21.00482,No,Yes,Yes,No,4/3/2016,0,0,,3/3/2016,,No,
0000364178,12,8503715-1,OIL VACUUM PUMP- 4LITRE,MIS,4L,1,1,0,25.95,16.50846,16.50846,No,Yes,Yes,No,4/3/2016,0,0,WA040,3/3/2016,,No,
0000364178,12,SALT,"SOFTENER SALT 20KG, ULTRA CRYSTAL ( IRON OUT)",MIS,EA,3,3,0,9.15,6.44997,6.44997,No,Yes,Yes,No,4/3/2016,0,0,FL,3/3/2016,,No,
0000364106,12,8524209,CHALLENGE HD LIQ. CLNR PER LITRE,CHE,LT,20,20,0,2.95,1.274,1.274,No,Yes,Yes,No,4/3/2016,0,0,,1/3/2016,,No,
0000364106,12,RD589,"FILTER, MILK, 2 1/4"" X 24"" 100/BOX",ROG,BOX,1,1,0,29.25,15.48287,15.48197,No,Yes,Yes,No,4/3/2016,0,0,,1/3/2016,,No,
0000364200,,,parts dropped off at farm by route truck & Carl,,,0,0,0,0,0,0,No,No,No,No,7/3/2016,0,0,J,7/3/2016,parts dropped off at farm by route truck & Carl,No,
0000364200,00,JV-297T,"SNAP, BULL SWIVEL W/ TAB 1"" ROUND NP",MIS,EA,8,8,0,4.55,2.28,2.08677,No,Yes,Yes,No,7/3/2016,0,0,XD253,7/3/2016,,No,
0000364095,12,SMB-200-222-3,"CALF, BOTTLE ONLY, 3L",MIS,EA,6,6,0,10.94959,6.34,6.34,No,Yes,Yes,No,4/3/2016,0,0,CUSTOMER,1/3/2016,,No,
0000364104,12,8524209,CHALLENGE HD LIQ. CLNR PER LITRE,CHE,LT,55,55,0,2.95,1.274,1.274,No,Yes,Yes,No,4/3/2016,0,0,,1/3/2016,,No,
0000364104,12,SALT,"SOFTENER SALT 20KG, ULTRA CRYSTAL ( IRON OUT)",MIS,EA,4,4,0,9.15,6.44997,6.44997,No,Yes,Yes,No,4/3/2016,0,0,FL,1/3/2016,,No,
0000364104,12,8524037,"BEDCIDE, 25 KG",CHE,EA,1,1,0,58.00363,48.20375,48.20375,No,Yes,Yes,No,4/3/2016,0,0,LS,1/3/2016,,No,
0000364104,12,RD589,"FILTER, MILK, 2 1/4"" X 24"" 100/BOX",ROG,BOX,1,1,0,29.25,15.48287,15.48197,No,Yes,Yes,No,4/3/2016,0,0,,1/3/2016,,No,
0000364104,12,8587560,"LINER, MAGNUM 500M, VENTED (8514981)(s)",INF,EA,16,16,0,7.9,4.67381,4.6738,No,Yes,Yes,No,4/3/2016,0,0,WB222,1/3/2016,,No,
0000364208,,,DELIVERY,,,0,0,0,0,0,0,No,No,No,No,2/3/2016,0,0,J,2/3/2016,DELIVERY,No,
0000364208,00,GOAT-GO488073,"INFLATION, SILICONE FOR SAANEN UNIT",INF,EA,2,2,0,24,18,18,No,Yes,Yes,No,2/3/2016,0,0,CUSTOMER,2/3/2016,,No,
0000364208,,,DELIVERED BY CARL,,,0,0,0,0,0,0,No,No,No,No,2/3/2016,0,0,,2/3/2016,DELIVERED BY CARL,No,
0000364096,12,8518000B,"HOSE, TWIN, SILICONE, BLUE, 1/4"" X .12W",MIS,FT,10,10,0,7.03,2.39,2.39,No,Yes,Yes,No,4/3/2016,0,0,WC,1/3/2016,,No,
0000364096,12,8507400,"HOSE, PLASTIC, MILK, .56 ID, 9/16""ID",BOU,FT,8.5,8.5,0,4.2,0.93,0.93,No,Yes,Yes,No,4/3/2016,0,0,WC210,1/3/2016,,No,
0000364096,12,NS,USED SS SHELLS,,,-2,-2,0,10,0,0,No,Yes,Yes,Yes,4/3/2016,0,0,,1/3/2016,,No,
0000364124,12,8587560,"LINER, MAGNUM 500M, VENTED (8514981)(s)",INF,EA,32,32,0,7.9,4.67381,4.6738,No,Yes,Yes,No,4/3/2016,0,0,WB222,3/3/2016,,No,
0000364124,12,8523772,TRU-BLU PARLOR BRITE (GLO-ACID) 4L,CHE,EA,1,1,0,29.84769,13.30927,13.13544,No,Yes,Yes,No,4/3/2016,0,0,,3/3/2016,,No,